[blogzine.webestica.com/index.html]
[backblue.gif]
[fade.gif]
[index.html]
[blogzine.webestica.com/assets/images/favicon.ico]
[blogzine.webestica.com/assets/vendor/font-awesome/css/all.min.css]
[blogzine.webestica.com/assets/vendor/bootstrap-icons/bootstrap-icons.css]
[blogzine.webestica.com/assets/vendor/tiny-slider/tiny-slider.css]
[blogzine.webestica.com/assets/vendor/plyr/plyr.css]
[blogzine.webestica.com/assets/images/logo.svg]
[blogzine.webestica.com/assets/css/style.css]
[blogzine.webestica.com/assets/images/logo-light.svg]
[blogzine.webestica.com/index-2.html]
[blogzine.webestica.com/about-us.html]
[blogzine.webestica.com/post-grid.html]
[blogzine.webestica.com/contact-us.html]
[blogzine.webestica.com/signin.html]
[blogzine.webestica.com/index-lazy.html]
[blogzine.webestica.com/index-3.html]
[blogzine.webestica.com/index-4.html]
[blogzine.webestica.com/index-5.html]
[blogzine.webestica.com/index-6.html]
[blogzine.webestica.com/index-7.html]
[blogzine.webestica.com/index-8.html]
[blogzine.webestica.com/index-9.html]
[blogzine.webestica.com/index-10.html]
[blogzine.webestica.com/index-11.html]
[blogzine.webestica.com/index-12.html]
[blogzine.webestica.com/shop-grid.html]
[blogzine.webestica.com/shop-detail.html]
[blogzine.webestica.com/my-cart.html]
[blogzine.webestica.com/checkout.html]
[blogzine.webestica.com/empty-cart.html]
[blogzine.webestica.com/author.html]
[blogzine.webestica.com/categories.html]
[blogzine.webestica.com/categories-2.html]
[blogzine.webestica.com/tag.html]
[blogzine.webestica.com/search-result.html]
[blogzine.webestica.com/signup.html]
[blogzine.webestica.com/404.html]
[blogzine.webestica.com/offline.html]
[blogzine.webestica.com/docs/index.html]
[blogzine.webestica.com/post-grid-4-col.html]
[blogzine.webestica.com/rtl/index.html]
[blogzine.webestica.com/post-grid-masonry.html]
[blogzine.webestica.com/post-grid-masonry-filter.html]
[blogzine.webestica.com/post-large-and-grid.html]
[blogzine.webestica.com/post-list.html]
[blogzine.webestica.com/post-list-2.html]
[blogzine.webestica.com/post-overlay.html]
[blogzine.webestica.com/post-cards.html]
[blogzine.webestica.com/post-types.html]
[blogzine.webestica.com/post-single.html]
[blogzine.webestica.com/post-single-2.html]
[blogzine.webestica.com/post-single-3.html]
[blogzine.webestica.com/post-single-4.html]
[blogzine.webestica.com/post-single-5.html]
[blogzine.webestica.com/post-single-6.html]
[blogzine.webestica.com/podcast-single.html]
[blogzine.webestica.com/pagination-styles.html]
[blogzine.webestica.com/assets/images/blog/16by9/small/01.jpg]
[blogzine.webestica.com/assets/images/blog/16by9/small/02.jpg]
[blogzine.webestica.com/assets/images/blog/16by9/small/03.jpg]
[blogzine.webestica.com/dashboard.html]
[blogzine.webestica.com/assets/images/blog/1by1/01.jpg]
[blogzine.webestica.com/assets/images/avatar/11.jpg]
[blogzine.webestica.com/assets/images/blog/1by1/02.jpg]
[blogzine.webestica.com/assets/images/blog/1by1/03.jpg]
[blogzine.webestica.com/assets/images/blog/1by1/04.jpg]
[blogzine.webestica.com/assets/images/blog/4by3/01.jpg]
[blogzine.webestica.com/assets/images/avatar/01.jpg]
[blogzine.webestica.com/assets/images/blog/4by3/06.jpg]
[blogzine.webestica.com/assets/images/avatar/02.jpg]
[blogzine.webestica.com/assets/images/blog/4by3/03.jpg]
[blogzine.webestica.com/assets/images/avatar/03.jpg]
[blogzine.webestica.com/assets/images/blog/4by3/04.jpg]
[blogzine.webestica.com/assets/images/blog/4by3/05.jpg]
[blogzine.webestica.com/assets/images/videos/audio.mp3]
[blogzine.webestica.com/assets/images/avatar/05.jpg]
[blogzine.webestica.com/assets/images/blog/4by3/12.jpg]
[blogzine.webestica.com/assets/images/avatar/06.jpg]
[blogzine.webestica.com/assets/images/blog/4by3/02.jpg]
[blogzine.webestica.com/assets/images/blog/4by3/thumb/01.jpg]
[blogzine.webestica.com/assets/images/blog/4by3/thumb/02.jpg]
[blogzine.webestica.com/assets/images/blog/4by3/thumb/03.jpg]
[blogzine.webestica.com/assets/images/blog/4by3/thumb/04.jpg]
[blogzine.webestica.com/assets/images/adv.png]
[blogzine.webestica.com/assets/images/blog/4by3/07.jpg]
[blogzine.webestica.com/assets/images/avatar/07.jpg]
[blogzine.webestica.com/assets/images/blog/4by3/08.jpg]
[blogzine.webestica.com/assets/images/blog/4by3/09.jpg]
[blogzine.webestica.com/assets/images/avatar/09.jpg]
[blogzine.webestica.com/assets/images/blog/4by3/10.jpg]
[blogzine.webestica.com/assets/images/avatar/10.jpg]
[blogzine.webestica.com/assets/images/blog/4by3/11.jpg]
[blogzine.webestica.com/assets/images/avatar/12.jpg]
[blogzine.webestica.com/assets/images/logo-footer.svg]
[blogzine.webestica.com/assets/images/app-store.svg]
[blogzine.webestica.com/assets/images/google-play.svg]
[blogzine.webestica.com/assets/vendor/bootstrap/dist/js/bootstrap.bundle.min.js]
[blogzine.webestica.com/assets/vendor/tiny-slider/tiny-slider.js]
[blogzine.webestica.com/assets/vendor/sticky-js/sticky.min.js]
[blogzine.webestica.com/assets/vendor/plyr/plyr.js]
[blogzine.webestica.com/assets/js/functions.js]
[blogzine.webestica.com/index.html]
[blogzine.webestica.com/assets/vendor/font-awesome/webfonts/fa-brands-400.woff2]
[blogzine.webestica.com/assets/vendor/font-awesome/webfonts/fa-brands-400d41d.eot]
[blogzine.webestica.com/assets/vendor/font-awesome/webfonts/fa-brands-400.woff]
[blogzine.webestica.com/assets/vendor/font-awesome/webfonts/fa-brands-400.eot]
[blogzine.webestica.com/assets/vendor/font-awesome/webfonts/fa-regular-400.eot]
[blogzine.webestica.com/assets/vendor/font-awesome/webfonts/fa-brands-400.ttf]
[blogzine.webestica.com/assets/vendor/font-awesome/webfonts/fa-regular-400d41d.eot]
[blogzine.webestica.com/assets/vendor/font-awesome/webfonts/fa-regular-400.woff2]
[blogzine.webestica.com/assets/vendor/font-awesome/webfonts/fa-regular-400.woff]
[blogzine.webestica.com/assets/vendor/font-awesome/webfonts/fa-regular-400.ttf]
[blogzine.webestica.com/assets/vendor/font-awesome/webfonts/fa-regular-400.svg]
[blogzine.webestica.com/assets/vendor/font-awesome/webfonts/fa-brands-400.svg]
[blogzine.webestica.com/assets/vendor/font-awesome/webfonts/fa-solid-900.eot]
[blogzine.webestica.com/assets/vendor/font-awesome/webfonts/fa-solid-900.woff2]
[blogzine.webestica.com/assets/vendor/font-awesome/webfonts/fa-solid-900d41d.eot]
[blogzine.webestica.com/assets/vendor/font-awesome/webfonts/fa-solid-900.woff]
[blogzine.webestica.com/assets/vendor/font-awesome/webfonts/fa-solid-900.ttf]
[blogzine.webestica.com/assets/vendor/font-awesome/css/all.min.css]
[blogzine.webestica.com/assets/vendor/bootstrap-icons/fonts/bootstrap-icons0107.woff2]
[blogzine.webestica.com/assets/vendor/bootstrap-icons/fonts/bootstrap-icons0107.woff]
[blogzine.webestica.com/assets/vendor/bootstrap-icons/bootstrap-icons.css]
[blogzine.webestica.com/assets/vendor/tiny-slider/tiny-slider.css]
[blogzine.webestica.com/assets/vendor/plyr/plyr.css]
[blogzine.webestica.com/assets/css/style.css]
[blogzine.webestica.com/assets/images/logo.svg]
[blogzine.webestica.com/assets/images/logo-light.svg]
[blogzine.webestica.com/index-2.html]
[blogzine.webestica.com/assets/images/blog/16by9/09.jpg]
[blogzine.webestica.com/assets/vendor/font-awesome/webfonts/fa-solid-900.svg]
[blogzine.webestica.com/assets/images/avatar/04.jpg]
[blogzine.webestica.com/assets/images/avatar/14.jpg]
[blogzine.webestica.com/assets/images/blog/3by2/04.jpg]
[blogzine.webestica.com/assets/images/blog/3by2/01.jpg]
[blogzine.webestica.com/assets/images/blog/3by2/03.jpg]
[blogzine.webestica.com/about-us.html]
[blogzine.webestica.com/post-grid.html]
[blogzine.webestica.com/contact-us.html]
[blogzine.webestica.com/signin.html]
[blogzine.webestica.com/docs/lazy-load.html]
[blogzine.webestica.com/index-lazy.html]
[blogzine.webestica.com/assets/vendor/vanilla-lazyload/lazyload.min.js]
[blogzine.webestica.com/assets/images/blog/16by9/big/02.jpg]
[blogzine.webestica.com/assets/images/blog/16by9/big/01.jpg]
[blogzine.webestica.com/assets/images/blog/16by9/big/03.jpg]
[blogzine.webestica.com/assets/images/avatar/08.jpg]
[blogzine.webestica.com/assets/images/adv-3.png]
[blogzine.webestica.com/assets/images/blog/16by9/05.jpg]
[blogzine.webestica.com/assets/images/blog/1by1/thumb/01.jpg]
[blogzine.webestica.com/assets/images/blog/1by1/thumb/02.jpg]
[blogzine.webestica.com/assets/images/blog/1by1/thumb/03.jpg]
[blogzine.webestica.com/assets/images/blog/1by1/thumb/04.jpg]
[blogzine.webestica.com/assets/images/blog/1by1/thumb/05.jpg]
[blogzine.webestica.com/assets/images/blog/16by9/06.jpg]
[blogzine.webestica.com/assets/images/blog/16by9/01.jpg]
[blogzine.webestica.com/index-3.html]
[blogzine.webestica.com/assets/vendor/glightbox/css/glightbox.css]
[blogzine.webestica.com/assets/images/adv-2.png]
[blogzine.webestica.com/assets/images/blog/16by9/07.jpg]
[blogzine.webestica.com/assets/images/blog/16by9/08.jpg]
[blogzine.webestica.com/assets/images/blog/3by4/01.jpg]
[blogzine.webestica.com/assets/images/blog/3by4/02.jpg]
[blogzine.webestica.com/assets/images/blog/3by4/03.jpg]
[blogzine.webestica.com/assets/images/blog/3by4/04.jpg]
[blogzine.webestica.com/assets/images/blog/3by4/05.jpg]
[blogzine.webestica.com/assets/images/blog/4by3/thumb/05.jpg]
[blogzine.webestica.com/assets/images/blog/4by3/thumb/06.jpg]
[blogzine.webestica.com/assets/images/avatar/13.jpg]
[blogzine.webestica.com/assets/images/blog/4by3/thumb/07.jpg]
[blogzine.webestica.com/assets/images/blog/4by3/thumb/08.jpg]
[blogzine.webestica.com/assets/images/avatar/15.jpg]
[blogzine.webestica.com/assets/images/adv-1.png]
[blogzine.webestica.com/assets/images/blog/1by1/06.jpg]
[blogzine.webestica.com/assets/images/blog/16by9/small/04.jpg]
[blogzine.webestica.com/assets/images/cookie.svg]
[blogzine.webestica.com/index-4.html]
[blogzine.webestica.com/assets/vendor/glightbox/js/glightbox.js]
[blogzine.webestica.com/assets/images/blog/16by9/02.jpg]
[blogzine.webestica.com/assets/images/blog/3by4/06.jpg]
[blogzine.webestica.com/assets/images/blog/3by4/07.jpg]
[blogzine.webestica.com/assets/vendor/jarallax/jarallax.min.js]
[blogzine.webestica.com/assets/vendor/jarallax/jarallax-video.min.js]
[blogzine.webestica.com/index-5.html]
[blogzine.webestica.com/assets/images/blog/16by9/04.jpg]
[blogzine.webestica.com/assets/images/blog/16by9/03.jpg]
[blogzine.webestica.com/assets/images/blog/4by3/13.jpg]
[blogzine.webestica.com/assets/images/blog/4by3/14.jpg]
[blogzine.webestica.com/index-6.html]
[blogzine.webestica.com/assets/images/logo-icon.svg]
[blogzine.webestica.com/assets/images/avatar/big/01.jpg]
[blogzine.webestica.com/assets/images/blog/4by3/15.jpg]
[blogzine.webestica.com/index-7.html]
[blogzine.webestica.com/assets/images/vintage-pattern.png]
[blogzine.webestica.com/assets/images/logo-2.svg]
[blogzine.webestica.com/assets/images/logo-2-light.svg]
[blogzine.webestica.com/assets/images/adv-4.png]
[blogzine.webestica.com/assets/images/blog/4by3/22.jpg]
[blogzine.webestica.com/index-8.html]
[blogzine.webestica.com/assets/images/bg.png]
[blogzine.webestica.com/assets/images/blog/4by3/34.jpg]
[blogzine.webestica.com/assets/images/blog/1by1/13.jpg]
[blogzine.webestica.com/assets/images/blog/1by1/09.jpg]
[blogzine.webestica.com/assets/images/blog/1by1/10.jpg]
[blogzine.webestica.com/assets/images/blog/1by1/08.jpg]
[blogzine.webestica.com/assets/images/blog/4by3/30.jpg]
[blogzine.webestica.com/assets/images/blog/3by4/09.jpg]
[blogzine.webestica.com/assets/images/blog/3by4/08.jpg]
[blogzine.webestica.com/assets/images/blog/3by4/10.jpg]
[blogzine.webestica.com/assets/images/blog/3by2/12.jpg]
[blogzine.webestica.com/assets/vendor/isotope/isotope.pkgd.min.js]
[blogzine.webestica.com/index-9.html]
[blogzine.webestica.com/assets/vendor/imagesLoaded/imagesloaded.pkgd.min.js]
[blogzine.webestica.com/assets/images/blog/16by9/big/04.jpg]
[blogzine.webestica.com/assets/images/blog/4by3/17.jpg]
[blogzine.webestica.com/assets/images/blog/4by3/18.jpg]
[blogzine.webestica.com/assets/images/blog/4by3/19.jpg]
[blogzine.webestica.com/assets/images/blog/4by3/20.jpg]
[blogzine.webestica.com/assets/images/blog/4by3/22.gif]
[blogzine.webestica.com/assets/images/blog/16by9/big/05.jpg]
[blogzine.webestica.com/assets/images/blog/4by3/23.jpg]
[blogzine.webestica.com/assets/images/blog/4by3/24.jpg]
[blogzine.webestica.com/assets/images/blog/4by3/25.jpg]
[blogzine.webestica.com/assets/images/blog/4by3/26.jpg]
[blogzine.webestica.com/assets/images/blog/4by3/27.jpg]
[blogzine.webestica.com/assets/images/blog/4by3/28.jpg]
[blogzine.webestica.com/assets/images/blog/4by3/29.jpg]
[blogzine.webestica.com/index-10.html]
[blogzine.webestica.com/assets/images/blog/1by1/12.jpg]
[blogzine.webestica.com/assets/images/icon/apple-podcasts.svg]
[blogzine.webestica.com/assets/images/icon/divider-icon.svg]
[blogzine.webestica.com/assets/images/icon/spotify.svg]
[blogzine.webestica.com/assets/images/icon/google-podcasts.svg]
[blogzine.webestica.com/assets/images/icon/pocket.svg]
[blogzine.webestica.com/assets/images/icon/sound-cloud.svg]
[blogzine.webestica.com/assets/images/blog/4by3/31.jpg]
[blogzine.webestica.com/assets/images/blog/4by3/32.jpg]
[blogzine.webestica.com/assets/images/blog/4by3/33.jpg]
[blogzine.webestica.com/assets/images/blog/1by1/11.jpg]
[blogzine.webestica.com/assets/images/blog/16by9/10.jpg]
[blogzine.webestica.com/assets/images/blog/16by9/small/05.jpg]
[blogzine.webestica.com/assets/images/blog/16by9/small/06.jpg]
[blogzine.webestica.com/assets/images/blog/16by9/small/07.jpg]
[blogzine.webestica.com/assets/images/blog/16by9/small/08.jpg]
[blogzine.webestica.com/index-11.html]
[blogzine.webestica.com/assets/images/shop/02.png]
[blogzine.webestica.com/assets/images/shop/11.png]
[blogzine.webestica.com/assets/images/shop/09.png]
[blogzine.webestica.com/assets/images/shop/10.png]
[blogzine.webestica.com/assets/images/shop/01.jpg]
[blogzine.webestica.com/assets/images/shop/02.jpg]
[blogzine.webestica.com/assets/images/shop/03.jpg]
[blogzine.webestica.com/assets/images/shop/04.jpg]
[blogzine.webestica.com/assets/images/shop/05.jpg]
[blogzine.webestica.com/assets/images/shop/06.jpg]
[blogzine.webestica.com/assets/images/shop/03.png]
[blogzine.webestica.com/assets/images/shop/04.png]
[blogzine.webestica.com/assets/images/shop/08.png]
[blogzine.webestica.com/assets/images/shop/06.png]
[blogzine.webestica.com/assets/images/shop/07.png]
[blogzine.webestica.com/assets/images/shop/05.png]
[blogzine.webestica.com/assets/images/shop/01.png]
[blogzine.webestica.com/assets/images/shop/14.jpg]
[blogzine.webestica.com/assets/images/shop/15.jpg]
[blogzine.webestica.com/assets/images/shop/16.jpg]
[blogzine.webestica.com/assets/images/shop/17.jpg]
[blogzine.webestica.com/index-12.html]
[blogzine.webestica.com/assets/images/shop/bg-offer.jpg]
[blogzine.webestica.com/shop-grid.html]
[blogzine.webestica.com/assets/images/shop/13.png]
[blogzine.webestica.com/assets/images/shop/14.png]
[blogzine.webestica.com/assets/images/shop/12.png]
[blogzine.webestica.com/assets/images/icon/visa.svg]
[blogzine.webestica.com/assets/images/icon/mastercard.svg]
[blogzine.webestica.com/shop-detail.html]
[blogzine.webestica.com/checkout.html]
[blogzine.webestica.com/my-cart.html]
[blogzine.webestica.com/empty-cart.html]
[blogzine.webestica.com/assets/images/icon/empty-cart.svg]
[blogzine.webestica.com/assets/images/blog/4by3/16.jpg]
[blogzine.webestica.com/author.html]
[blogzine.webestica.com/categories.html]
[blogzine.webestica.com/categories-2.html]
[blogzine.webestica.com/tag.html]
[blogzine.webestica.com/search-result.html]
[blogzine.webestica.com/404.html]
[blogzine.webestica.com/signup.html]
[blogzine.webestica.com/offline.html]
[blogzine.webestica.com/docs/assets/images/favicon.ico]
[blogzine.webestica.com/docs/assets/vendor/font-awesome/css/all.min.css]
[blogzine.webestica.com/docs/assets/css/doc.css]
[blogzine.webestica.com/docs/assets/css/prism.css]
[blogzine.webestica.com/docs/assets/images/logo.svg]
[blogzine.webestica.com/docs/assets/css/style.css]
[blogzine.webestica.com/docs/gulp.html]
[blogzine.webestica.com/docs/customization.html]
[blogzine.webestica.com/docs/color-scheme.html]
[blogzine.webestica.com/docs/logo-settings.html]
[blogzine.webestica.com/docs/page-loading.html]
[blogzine.webestica.com/docs/fonts.html]
[blogzine.webestica.com/docs/dark-mode.html]
[blogzine.webestica.com/docs/rtl.html]
[blogzine.webestica.com/docs/sources-and-credits.html]
[blogzine.webestica.com/docs/changelog.html]
[blogzine.webestica.com/docs/updates.html]
[blogzine.webestica.com/docs/support.html]
[blogzine.webestica.com/docs/alerts.html]
[blogzine.webestica.com/docs/avatar.html]
[blogzine.webestica.com/docs/badges.html]
[blogzine.webestica.com/docs/buttons.html]
[blogzine.webestica.com/docs/breadcrumb.html]
[blogzine.webestica.com/docs/card.html]
[blogzine.webestica.com/docs/font-icons.html]
[blogzine.webestica.com/docs/google-map.html]
[blogzine.webestica.com/docs/pagination.html]
[blogzine.webestica.com/docs/nav-and-tabs.html]
[blogzine.webestica.com/docs/progress.html]
[blogzine.webestica.com/docs/sticky-element.html]
[blogzine.webestica.com/docs/sticky-footer.html]
[blogzine.webestica.com/docs/utility-classes.html]
[blogzine.webestica.com/docs/tiny-slider.html]
[blogzine.webestica.com/docs/assets/js/simple-scrollbar.min.js]
[blogzine.webestica.com/docs/assets/js/prism.js]
[blogzine.webestica.com/docs/assets/js/bootstrap.bundle.min.js]
[blogzine.webestica.com/docs/assets/js/clipboard.min.js]
[blogzine.webestica.com/docs/index.html]
[blogzine.webestica.com/docs/assets/js/functions.js]
[blogzine.webestica.com/rtl/assets/images/favicon.ico]
[blogzine.webestica.com/rtl/assets/vendor/bootstrap-icons/bootstrap-icons.css]
[blogzine.webestica.com/rtl/assets/vendor/font-awesome/css/all.min.css]
[blogzine.webestica.com/rtl/assets/vendor/tiny-slider/tiny-slider.css]
[blogzine.webestica.com/rtl/assets/vendor/plyr/plyr.css]
[blogzine.webestica.com/rtl/assets/images/logo.svg]
[blogzine.webestica.com/rtl/assets/css/style-rtl.css]
[blogzine.webestica.com/rtl/assets/images/logo-light.svg]
[blogzine.webestica.com/rtl/index-2.html]
[blogzine.webestica.com/rtl/about-us.html]
[blogzine.webestica.com/rtl/post-grid.html]
[blogzine.webestica.com/rtl/contact-us.html]
[blogzine.webestica.com/rtl/signin.html]
[blogzine.webestica.com/rtl/index-lazy.html]
[blogzine.webestica.com/rtl/index-3.html]
[blogzine.webestica.com/rtl/index-4.html]
[blogzine.webestica.com/rtl/index-5.html]
[blogzine.webestica.com/rtl/index-6.html]
[blogzine.webestica.com/rtl/index-7.html]
[blogzine.webestica.com/rtl/index-8.html]
[blogzine.webestica.com/rtl/index-9.html]
[blogzine.webestica.com/rtl/index-10.html]
[blogzine.webestica.com/rtl/index-11.html]
[blogzine.webestica.com/rtl/index-12.html]
[blogzine.webestica.com/rtl/shop-grid.html]
[blogzine.webestica.com/rtl/checkout.html]
[blogzine.webestica.com/rtl/shop-detail.html]
[blogzine.webestica.com/rtl/my-cart.html]
[blogzine.webestica.com/rtl/empty-cart.html]
[blogzine.webestica.com/rtl/author.html]
[blogzine.webestica.com/rtl/categories.html]
[blogzine.webestica.com/rtl/categories-2.html]
[blogzine.webestica.com/rtl/tag.html]
[blogzine.webestica.com/rtl/404.html]
[blogzine.webestica.com/rtl/search-result.html]
[blogzine.webestica.com/rtl/signup.html]
[blogzine.webestica.com/rtl/offline.html]
[blogzine.webestica.com/rtl/docs/index.html]
[blogzine.webestica.com/rtl/post-grid-4-col.html]
[blogzine.webestica.com/rtl/post-grid-masonry-filter.html]
[blogzine.webestica.com/rtl/post-grid-masonry.html]
[blogzine.webestica.com/rtl/post-large-and-grid.html]
[blogzine.webestica.com/rtl/post-list.html]
[blogzine.webestica.com/rtl/post-list-2.html]
[blogzine.webestica.com/rtl/post-cards.html]
[blogzine.webestica.com/rtl/post-overlay.html]
[blogzine.webestica.com/rtl/post-types.html]
[blogzine.webestica.com/rtl/post-single.html]
[blogzine.webestica.com/rtl/post-single-2.html]
[blogzine.webestica.com/rtl/post-single-3.html]
[blogzine.webestica.com/rtl/post-single-4.html]
[blogzine.webestica.com/rtl/post-single-5.html]
[blogzine.webestica.com/rtl/post-single-6.html]
[blogzine.webestica.com/rtl/podcast-single.html]
[blogzine.webestica.com/rtl/assets/images/blog/16by9/small/01.jpg]
[blogzine.webestica.com/rtl/pagination-styles.html]
[blogzine.webestica.com/rtl/assets/images/blog/16by9/small/02.jpg]
[blogzine.webestica.com/rtl/assets/images/blog/16by9/small/03.jpg]
[blogzine.webestica.com/rtl/dashboard.html]
[blogzine.webestica.com/rtl/assets/images/blog/1by1/01.jpg]
[blogzine.webestica.com/rtl/assets/images/avatar/11.jpg]
[blogzine.webestica.com/rtl/assets/images/blog/1by1/02.jpg]
[blogzine.webestica.com/rtl/assets/images/blog/1by1/03.jpg]
[blogzine.webestica.com/rtl/assets/images/blog/1by1/04.jpg]
[blogzine.webestica.com/rtl/assets/images/blog/4by3/01.jpg]
[blogzine.webestica.com/rtl/assets/images/avatar/01.jpg]
[blogzine.webestica.com/rtl/assets/images/blog/4by3/06.jpg]
[blogzine.webestica.com/rtl/assets/images/avatar/02.jpg]
[blogzine.webestica.com/rtl/assets/images/blog/4by3/03.jpg]
[blogzine.webestica.com/rtl/assets/images/avatar/03.jpg]
[blogzine.webestica.com/rtl/assets/images/blog/4by3/04.jpg]
[blogzine.webestica.com/rtl/assets/images/blog/4by3/05.jpg]
[blogzine.webestica.com/rtl/assets/images/videos/audio.mp3]
[blogzine.webestica.com/rtl/assets/images/avatar/05.jpg]
[blogzine.webestica.com/rtl/assets/images/blog/4by3/12.jpg]
[blogzine.webestica.com/rtl/assets/images/avatar/06.jpg]
[blogzine.webestica.com/rtl/assets/images/blog/4by3/02.jpg]
[blogzine.webestica.com/rtl/assets/images/blog/4by3/thumb/01.jpg]
[blogzine.webestica.com/rtl/assets/images/blog/4by3/thumb/02.jpg]
[blogzine.webestica.com/rtl/assets/images/blog/4by3/thumb/03.jpg]
[blogzine.webestica.com/rtl/assets/images/blog/4by3/thumb/04.jpg]
[blogzine.webestica.com/rtl/assets/images/adv.png]
[blogzine.webestica.com/rtl/assets/images/blog/4by3/07.jpg]
[blogzine.webestica.com/rtl/assets/images/avatar/07.jpg]
[blogzine.webestica.com/rtl/assets/images/blog/4by3/08.jpg]
[blogzine.webestica.com/rtl/assets/images/blog/4by3/09.jpg]
[blogzine.webestica.com/rtl/assets/images/avatar/09.jpg]
[blogzine.webestica.com/rtl/assets/images/blog/4by3/10.jpg]
[blogzine.webestica.com/rtl/assets/images/avatar/10.jpg]
[blogzine.webestica.com/rtl/assets/images/blog/4by3/11.jpg]
[blogzine.webestica.com/rtl/assets/images/avatar/12.jpg]
[blogzine.webestica.com/rtl/assets/images/logo-footer.svg]
[blogzine.webestica.com/rtl/assets/images/app-store.svg]
[blogzine.webestica.com/rtl/assets/images/google-play.svg]
[blogzine.webestica.com/rtl/assets/vendor/bootstrap/dist/js/bootstrap.bundle.min.js]
[blogzine.webestica.com/rtl/assets/vendor/sticky-js/sticky.min.js]
[blogzine.webestica.com/rtl/assets/vendor/tiny-slider/tiny-slider-rtl.js]
[blogzine.webestica.com/rtl/assets/vendor/plyr/plyr.js]
[blogzine.webestica.com/rtl/index.html]
[blogzine.webestica.com/post-grid-4-col.html]
[blogzine.webestica.com/rtl/assets/js/functions.js]
[blogzine.webestica.com/assets/images/blog/1by1/07.jpg]
[blogzine.webestica.com/assets/images/blog/1by1/05.jpg]
[blogzine.webestica.com/assets/images/blog/3by2/07.jpg]
[blogzine.webestica.com/post-grid-masonry.html]
[blogzine.webestica.com/post-grid-masonry-filter.html]
[blogzine.webestica.com/post-large-and-grid.html]
[blogzine.webestica.com/post-list.html]
[blogzine.webestica.com/post-list-2.html]
[blogzine.webestica.com/post-cards.html]
[blogzine.webestica.com/post-overlay.html]
[blogzine.webestica.com/assets/images/videos/poster.jpg]
[blogzine.webestica.com/assets/images/videos/video.mp4]
[blogzine.webestica.com/post-types.html]
[blogzine.webestica.com/post-single.html]
[blogzine.webestica.com/post-single-2.html]
[blogzine.webestica.com/post-single-3.html]
[blogzine.webestica.com/post-single-4.html]
[blogzine.webestica.com/post-single-5.html]
[blogzine.webestica.com/post-single-6.html]
[platform.twitter.com/widgets.js]
[blogzine.webestica.com/assets/images/blog/16by9/big/06.jpg]
[blogzine.webestica.com/podcast-single.html]
[blogzine.webestica.com/pagination-styles.html]
[blogzine.webestica.com/assets/vendor/apexcharts/css/apexcharts.css]
[blogzine.webestica.com/assets/vendor/overlay-scrollbar/css/OverlayScrollbars.min.css]
[blogzine.webestica.com/dashboard-post-list.html]
[blogzine.webestica.com/dashboard-post-categories.html]
[blogzine.webestica.com/dashboard-post-create.html]
[blogzine.webestica.com/dashboard-post-edit.html]
[blogzine.webestica.com/dashboard-author-list.html]
[blogzine.webestica.com/dashboard-author-single.html]
[blogzine.webestica.com/dashboard-edit-profile.html]
[blogzine.webestica.com/dashboard-reviews.html]
[blogzine.webestica.com/dashboard-settings.html]
[blogzine.webestica.com/dashboard.html]
[blogzine.webestica.com/assets/vendor/overlay-scrollbar/js/OverlayScrollbars.min.js]
[blogzine.webestica.com/assets/images/logo-footer.svg]
[blogzine.webestica.com/assets/images/app-store.svg]
[blogzine.webestica.com/assets/images/google-play.svg]
[blogzine.webestica.com/assets/vendor/bootstrap/dist/js/bootstrap.bundle.min.js]
[blogzine.webestica.com/assets/vendor/tiny-slider/tiny-slider.js]
[blogzine.webestica.com/assets/vendor/sticky-js/sticky.min.js]
[blogzine.webestica.com/assets/vendor/plyr/plyr.js]
[blogzine.webestica.com/assets/js/functions.js]
[blogzine.webestica.com/assets/vendor/apexcharts/js/apexcharts.min.js]
[blogzine.webestica.com/assets/vendor/font-awesome/webfonts/fa-brands-400.svg]
[blogzine.webestica.com/assets/vendor/font-awesome/webfonts/fa-regular-400.svg]
[blogzine.webestica.com/assets/vendor/font-awesome/webfonts/fa-solid-900.svg]
[blogzine.webestica.com/docs/assets/vendor/glightbox/css/glightbox.css]
[blogzine.webestica.com/docs/lazy-load.html]
[blogzine.webestica.com/assets/vendor/vanilla-lazyload/lazyload.min.js]
[blogzine.webestica.com/assets/vendor/glightbox/css/glightbox.css]
[blogzine.webestica.com/docs/assets/vendor/glightbox/js/glightbox.js]
[blogzine.webestica.com/assets/images/cookie.svg]
[blogzine.webestica.com/assets/vendor/glightbox/js/glightbox.js]
[blogzine.webestica.com/video/index.html]
[blogzine.webestica.com/${e.image.199.delayed]
[blogzine.webestica.com/assets/vendor/jarallax/jarallax.min.js]
[blogzine.webestica.com/assets/vendor/jarallax/jarallax-video.min.js]
[blogzine.webestica.com/assets/images/logo-icon.svg]
[blogzine.webestica.com/assets/images/logo-2.svg]
[blogzine.webestica.com/assets/images/logo-2-light.svg]
[blogzine.webestica.com/assets/vendor/isotope/isotope.pkgd.min.js]
[blogzine.webestica.com/assets/vendor/imagesLoaded/imagesloaded.pkgd.min.js]
[blogzine.webestica.com/assets/images/icon/apple-podcasts.svg]
[blogzine.webestica.com/assets/images/icon/divider-icon.svg]
[blogzine.webestica.com/assets/images/icon/spotify.svg]
[blogzine.webestica.com/assets/images/icon/google-podcasts.svg]
[blogzine.webestica.com/assets/images/icon/pocket.svg]
[blogzine.webestica.com/assets/images/icon/sound-cloud.svg]
[blogzine.webestica.com/assets/images/icon/visa.svg]
[blogzine.webestica.com/assets/images/icon/mastercard.svg]
[blogzine.webestica.com/assets/images/icon/empty-cart.svg]
[blogzine.webestica.com/docs/assets/vendor/font-awesome/webfonts/fa-brands-400.eot]
[blogzine.webestica.com/docs/assets/vendor/font-awesome/webfonts/fa-brands-400.woff2]
[blogzine.webestica.com/docs/assets/vendor/font-awesome/webfonts/fa-brands-400.woff]
[blogzine.webestica.com/docs/assets/vendor/font-awesome/webfonts/fa-brands-400d41d.eot]
[blogzine.webestica.com/docs/assets/vendor/font-awesome/webfonts/fa-regular-400.eot]
[blogzine.webestica.com/docs/assets/vendor/font-awesome/webfonts/fa-brands-400.ttf]
[blogzine.webestica.com/docs/assets/vendor/font-awesome/webfonts/fa-regular-400.woff2]
[blogzine.webestica.com/docs/assets/vendor/font-awesome/webfonts/fa-regular-400d41d.eot]
[blogzine.webestica.com/docs/assets/vendor/font-awesome/webfonts/fa-regular-400.woff]
[blogzine.webestica.com/docs/assets/vendor/font-awesome/webfonts/fa-regular-400.ttf]
[blogzine.webestica.com/docs/assets/vendor/font-awesome/webfonts/fa-regular-400.svg]
[blogzine.webestica.com/docs/assets/vendor/font-awesome/webfonts/fa-solid-900.woff2]
[blogzine.webestica.com/docs/assets/vendor/font-awesome/webfonts/fa-brands-400.svg]
[blogzine.webestica.com/docs/assets/vendor/font-awesome/webfonts/fa-solid-900d41d.eot]
[blogzine.webestica.com/docs/assets/vendor/font-awesome/webfonts/fa-solid-900.eot]
[blogzine.webestica.com/docs/assets/vendor/font-awesome/webfonts/fa-solid-900.woff]
[blogzine.webestica.com/docs/assets/vendor/font-awesome/webfonts/fa-solid-900.ttf]
[blogzine.webestica.com/docs/assets/vendor/font-awesome/css/all.min.css]
[blogzine.webestica.com/docs/assets/css/style.css]
[blogzine.webestica.com/docs/assets/css/doc.css]
[blogzine.webestica.com/docs/assets/css/prism.css]
[blogzine.webestica.com/docs/assets/images/logo.svg]
[blogzine.webestica.com/docs/assets/images/gulp_install_step1.png]
[blogzine.webestica.com/docs/assets/images/gulp_install_step2.png]
[blogzine.webestica.com/docs/assets/images/files_after_gulp_install.png]
[blogzine.webestica.com/docs/assets/images/how_to_run_gulp.png]
[blogzine.webestica.com/docs/gulp.html]
[blogzine.webestica.com/docs/customization.html]
[blogzine.webestica.com/docs/color-scheme.html]
[blogzine.webestica.com/docs/logo-settings.html]
[blogzine.webestica.com/docs/page-loading.html]
[blogzine.webestica.com/docs/fonts.html]
[blogzine.webestica.com/docs/dark-mode.html]
[blogzine.webestica.com/docs/rtl.html]
[blogzine.webestica.com/docs/sources-and-credits.html]
[blogzine.webestica.com/docs/changelog.html]
[blogzine.webestica.com/docs/updates.html]
[blogzine.webestica.com/docs/support.html]
[blogzine.webestica.com/docs/alerts.html]
[blogzine.webestica.com/docs/assets/images/avatar/01.jpg]
[github.com/apexcharts/apexcharts.html]
[blogzine.webestica.com/docs/assets/images/avatar/02.jpg]
[blogzine.webestica.com/docs/assets/vendor/font-awesome/webfonts/fa-solid-900.svg]
[blogzine.webestica.com/docs/assets/images/avatar/03.jpg]
[blogzine.webestica.com/docs/assets/images/avatar/04.jpg]
[blogzine.webestica.com/docs/assets/images/avatar/06.jpg]
[blogzine.webestica.com/docs/assets/images/avatar/05.jpg]
[blogzine.webestica.com/docs/assets/images/avatar/07.jpg]
[blogzine.webestica.com/docs/avatar.html]
[blogzine.webestica.com/docs/badges.html]
[blogzine.webestica.com/docs/breadcrumb.html]
[blogzine.webestica.com/docs/buttons.html]
[blogzine.webestica.com/docs/assets/vendor/bootstrap-icons/bootstrap-icons.css]
[blogzine.webestica.com/docs/assets/images/blog/4by3/06.jpg]
[blogzine.webestica.com/docs/assets/images/avatar/11.jpg]
[blogzine.webestica.com/docs/assets/images/avatar/12.jpg]
[blogzine.webestica.com/docs/card.html]
[blogzine.webestica.com/docs/font-icons.html]
[blogzine.webestica.com/docs/google-map.html]
[blogzine.webestica.com/docs/nav-and-tabs.html]
[blogzine.webestica.com/docs/pagination.html]
[blogzine.webestica.com/docs/progress.html]
[blogzine.webestica.com/docs/sticky-element.html]
[blogzine.webestica.com/docs/sticky-footer.html]
[blogzine.webestica.com/docs/utility-classes.html]
[blogzine.webestica.com/docs/tiny-slider.html]
[blogzine.webestica.com/docs/assets/js/bootstrap.bundle.min.js]
[blogzine.webestica.com/docs/assets/js/simple-scrollbar.min.js]
[blogzine.webestica.com/docs/assets/js/prism.js]
[blogzine.webestica.com/docs/assets/js/clipboard.min.js]
[blogzine.webestica.com/docs/assets/js/functions.js]
[blogzine.webestica.com/rtl/assets/vendor/font-awesome/webfonts/fa-brands-400d41d.eot]
[blogzine.webestica.com/rtl/assets/vendor/font-awesome/webfonts/fa-brands-400.woff2]
[blogzine.webestica.com/rtl/assets/vendor/font-awesome/webfonts/fa-brands-400.woff]
[blogzine.webestica.com/rtl/assets/vendor/font-awesome/webfonts/fa-brands-400.eot]
[blogzine.webestica.com/rtl/assets/vendor/font-awesome/webfonts/fa-brands-400.ttf]
[blogzine.webestica.com/rtl/assets/vendor/font-awesome/webfonts/fa-regular-400.eot]
[blogzine.webestica.com/rtl/assets/vendor/font-awesome/webfonts/fa-regular-400.woff2]
[blogzine.webestica.com/rtl/assets/vendor/font-awesome/webfonts/fa-regular-400d41d.eot]
[blogzine.webestica.com/rtl/assets/vendor/font-awesome/webfonts/fa-regular-400.woff]
[blogzine.webestica.com/rtl/assets/vendor/font-awesome/webfonts/fa-regular-400.ttf]
[blogzine.webestica.com/rtl/assets/vendor/font-awesome/webfonts/fa-regular-400.svg]
[blogzine.webestica.com/rtl/assets/vendor/font-awesome/webfonts/fa-brands-400.svg]
[blogzine.webestica.com/rtl/assets/vendor/font-awesome/webfonts/fa-solid-900.woff2]
[blogzine.webestica.com/rtl/assets/vendor/font-awesome/webfonts/fa-solid-900.woff]
[blogzine.webestica.com/rtl/assets/vendor/font-awesome/webfonts/fa-solid-900.eot]
[blogzine.webestica.com/rtl/assets/vendor/font-awesome/webfonts/fa-solid-900d41d.eot]
[blogzine.webestica.com/rtl/assets/vendor/font-awesome/css/all.min.css]
[blogzine.webestica.com/rtl/assets/vendor/bootstrap-icons/fonts/bootstrap-icons0107.woff2]
[blogzine.webestica.com/rtl/assets/vendor/bootstrap-icons/fonts/bootstrap-icons0107.woff]
[blogzine.webestica.com/rtl/assets/vendor/font-awesome/webfonts/fa-solid-900.ttf]
[blogzine.webestica.com/rtl/assets/vendor/bootstrap-icons/bootstrap-icons.css]
[blogzine.webestica.com/rtl/assets/vendor/tiny-slider/tiny-slider.css]
[blogzine.webestica.com/rtl/assets/vendor/plyr/plyr.css]
[blogzine.webestica.com/rtl/assets/css/style-rtl.css]
[blogzine.webestica.com/rtl/assets/images/logo.svg]
[blogzine.webestica.com/rtl/assets/images/logo-light.svg]
[blogzine.webestica.com/rtl/index-2.html]
[blogzine.webestica.com/rtl/assets/images/blog/16by9/09.jpg]
[blogzine.webestica.com/rtl/assets/vendor/font-awesome/webfonts/fa-solid-900.svg]
[blogzine.webestica.com/rtl/assets/images/avatar/04.jpg]
[blogzine.webestica.com/rtl/assets/images/avatar/14.jpg]
[blogzine.webestica.com/rtl/assets/images/blog/3by2/04.jpg]
[blogzine.webestica.com/rtl/assets/images/blog/3by2/01.jpg]
[blogzine.webestica.com/rtl/assets/images/blog/3by2/03.jpg]
[blogzine.webestica.com/rtl/about-us.html]
[blogzine.webestica.com/rtl/post-grid.html]
[blogzine.webestica.com/rtl/contact-us.html]
[blogzine.webestica.com/rtl/signin.html]
[blogzine.webestica.com/rtl/docs/lazy-load.1d6.delayed]
[blogzine.webestica.com/rtl/index-lazy.html]
[blogzine.webestica.com/rtl/assets/vendor/vanilla-lazyload/lazyload.min.js]
[blogzine.webestica.com/rtl/assets/images/blog/16by9/big/02.jpg]
[blogzine.webestica.com/rtl/assets/images/blog/16by9/big/01.jpg]
[blogzine.webestica.com/rtl/assets/images/blog/16by9/big/03.jpg]
[blogzine.webestica.com/rtl/assets/images/avatar/08.jpg]
[blogzine.webestica.com/rtl/assets/images/adv-3.png]
[blogzine.webestica.com/rtl/assets/images/blog/16by9/05.jpg]
[blogzine.webestica.com/rtl/assets/images/blog/1by1/thumb/01.jpg]
[blogzine.webestica.com/rtl/assets/images/blog/1by1/thumb/02.jpg]
[blogzine.webestica.com/rtl/assets/images/blog/1by1/thumb/03.jpg]
[blogzine.webestica.com/rtl/assets/images/blog/1by1/thumb/04.jpg]
[blogzine.webestica.com/rtl/assets/images/blog/1by1/thumb/05.jpg]
[blogzine.webestica.com/rtl/assets/images/blog/16by9/06.jpg]
[blogzine.webestica.com/rtl/assets/images/blog/16by9/01.jpg]
[blogzine.webestica.com/rtl/index-3.html]
[blogzine.webestica.com/rtl/assets/vendor/glightbox/css/glightbox.css]
[blogzine.webestica.com/rtl/assets/images/adv-2.png]
[blogzine.webestica.com/rtl/assets/images/blog/16by9/07.jpg]
[blogzine.webestica.com/rtl/assets/images/blog/16by9/08.jpg]
[blogzine.webestica.com/rtl/assets/images/blog/3by4/01.jpg]
[blogzine.webestica.com/rtl/assets/images/blog/3by4/02.jpg]
[blogzine.webestica.com/rtl/assets/images/blog/3by4/03.jpg]
[blogzine.webestica.com/rtl/assets/images/blog/3by4/04.jpg]
[blogzine.webestica.com/rtl/assets/images/blog/3by4/05.jpg]
[blogzine.webestica.com/rtl/assets/images/blog/4by3/thumb/05.jpg]
[blogzine.webestica.com/rtl/assets/images/blog/4by3/thumb/06.jpg]
[blogzine.webestica.com/rtl/assets/images/avatar/13.jpg]
[blogzine.webestica.com/rtl/assets/images/blog/4by3/thumb/07.jpg]
[blogzine.webestica.com/rtl/assets/images/blog/4by3/thumb/08.jpg]
[blogzine.webestica.com/rtl/assets/images/avatar/15.jpg]
[blogzine.webestica.com/rtl/assets/images/adv-1.png]
[blogzine.webestica.com/rtl/assets/images/blog/1by1/06.jpg]
[blogzine.webestica.com/rtl/assets/images/blog/16by9/small/04.jpg]
[blogzine.webestica.com/rtl/assets/images/cookie.svg]
[blogzine.webestica.com/rtl/index-4.html]
[blogzine.webestica.com/rtl/assets/images/blog/16by9/02.jpg]
[blogzine.webestica.com/rtl/assets/vendor/glightbox/js/glightbox.js]
[blogzine.webestica.com/rtl/assets/images/blog/3by4/06.jpg]
[blogzine.webestica.com/rtl/assets/images/blog/3by4/07.jpg]
[blogzine.webestica.com/rtl/assets/vendor/jarallax/jarallax.min.js]
[blogzine.webestica.com/rtl/assets/vendor/jarallax/jarallax-video.min.js]
[blogzine.webestica.com/rtl/index-5.html]
[blogzine.webestica.com/rtl/assets/images/blog/16by9/04.jpg]
[blogzine.webestica.com/rtl/assets/images/blog/16by9/03.jpg]
[blogzine.webestica.com/rtl/assets/images/blog/4by3/13.jpg]
[blogzine.webestica.com/rtl/assets/images/blog/4by3/14.jpg]
[blogzine.webestica.com/rtl/index-6.html]
[blogzine.webestica.com/rtl/assets/images/logo-icon.svg]
[blogzine.webestica.com/rtl/assets/images/avatar/big/01.jpg]
[blogzine.webestica.com/rtl/assets/images/blog/4by3/15.jpg]
[blogzine.webestica.com/rtl/index-7.html]
[blogzine.webestica.com/rtl/assets/images/vintage-pattern.png]
[blogzine.webestica.com/rtl/assets/images/logo-2.svg]
[blogzine.webestica.com/rtl/assets/images/logo-2-light.svg]
[blogzine.webestica.com/rtl/assets/images/adv-4.png]
[blogzine.webestica.com/rtl/assets/images/blog/4by3/22.jpg]
[blogzine.webestica.com/rtl/index-8.html]
[blogzine.webestica.com/rtl/assets/images/bg.png]
[blogzine.webestica.com/rtl/assets/images/blog/4by3/34.jpg]
[blogzine.webestica.com/rtl/assets/images/blog/1by1/13.jpg]
[blogzine.webestica.com/rtl/assets/images/blog/1by1/09.jpg]
[blogzine.webestica.com/rtl/assets/images/blog/1by1/10.jpg]
[blogzine.webestica.com/rtl/assets/images/blog/1by1/08.jpg]
[blogzine.webestica.com/rtl/assets/images/blog/4by3/30.jpg]
[blogzine.webestica.com/rtl/assets/images/blog/3by4/09.jpg]
[blogzine.webestica.com/rtl/assets/images/blog/3by4/08.jpg]
[blogzine.webestica.com/rtl/assets/images/blog/3by4/10.jpg]
[blogzine.webestica.com/rtl/assets/images/blog/3by2/12.jpg]
[blogzine.webestica.com/rtl/assets/vendor/isotope/isotope.pkgd.min.js]
[blogzine.webestica.com/rtl/index-9.html]
[blogzine.webestica.com/rtl/assets/vendor/imagesLoaded/imagesloaded.pkgd.min.js]
[blogzine.webestica.com/rtl/assets/images/blog/16by9/big/04.jpg]
[blogzine.webestica.com/rtl/assets/images/blog/4by3/17.jpg]
[blogzine.webestica.com/rtl/assets/images/blog/4by3/18.jpg]
[blogzine.webestica.com/rtl/assets/images/blog/4by3/19.jpg]
[blogzine.webestica.com/rtl/assets/images/blog/4by3/20.jpg]
[blogzine.webestica.com/rtl/assets/images/blog/4by3/22.gif]
[blogzine.webestica.com/rtl/assets/images/blog/16by9/big/05.jpg]
[blogzine.webestica.com/rtl/assets/images/blog/4by3/23.jpg]
[blogzine.webestica.com/rtl/assets/images/blog/4by3/24.jpg]
[blogzine.webestica.com/rtl/assets/images/blog/4by3/25.jpg]
[blogzine.webestica.com/rtl/assets/images/blog/4by3/26.jpg]
[blogzine.webestica.com/rtl/assets/images/blog/4by3/27.jpg]
[blogzine.webestica.com/rtl/assets/images/blog/4by3/28.jpg]
[blogzine.webestica.com/rtl/assets/images/blog/4by3/29.jpg]
[blogzine.webestica.com/rtl/index-10.html]
[blogzine.webestica.com/rtl/assets/images/blog/1by1/12.jpg]
[blogzine.webestica.com/rtl/assets/images/icon/apple-podcasts.svg]
[blogzine.webestica.com/rtl/assets/images/icon/divider-icon.svg]
[blogzine.webestica.com/rtl/assets/images/icon/spotify.svg]
[blogzine.webestica.com/rtl/assets/images/icon/google-podcasts.svg]
[blogzine.webestica.com/rtl/assets/images/icon/pocket.svg]
[blogzine.webestica.com/rtl/assets/images/icon/sound-cloud.svg]
[blogzine.webestica.com/rtl/assets/images/blog/4by3/31.jpg]
[blogzine.webestica.com/rtl/assets/images/blog/4by3/32.jpg]
[blogzine.webestica.com/rtl/assets/images/blog/4by3/33.jpg]
[blogzine.webestica.com/rtl/assets/images/blog/1by1/11.jpg]
[blogzine.webestica.com/rtl/assets/images/blog/16by9/10.jpg]
[blogzine.webestica.com/rtl/assets/images/blog/16by9/small/05.jpg]
[blogzine.webestica.com/rtl/assets/images/blog/16by9/small/06.jpg]
[blogzine.webestica.com/rtl/assets/images/blog/16by9/small/07.jpg]
[blogzine.webestica.com/rtl/assets/images/blog/16by9/small/08.jpg]
[blogzine.webestica.com/rtl/index-11.html]
[blogzine.webestica.com/rtl/assets/images/shop/02.png]
[blogzine.webestica.com/rtl/assets/images/shop/11.png]
[blogzine.webestica.com/rtl/assets/images/shop/09.png]
[blogzine.webestica.com/rtl/assets/images/shop/10.png]
[blogzine.webestica.com/rtl/assets/images/shop/01.jpg]
[blogzine.webestica.com/rtl/assets/images/shop/02.jpg]
[blogzine.webestica.com/rtl/assets/images/shop/03.jpg]
[blogzine.webestica.com/rtl/assets/images/shop/04.jpg]
[blogzine.webestica.com/rtl/assets/images/shop/05.jpg]
[blogzine.webestica.com/rtl/assets/images/shop/06.jpg]
[blogzine.webestica.com/rtl/assets/images/shop/03.png]
[blogzine.webestica.com/rtl/assets/images/shop/04.png]
[blogzine.webestica.com/rtl/assets/images/shop/08.png]
[blogzine.webestica.com/rtl/assets/images/shop/06.png]
[blogzine.webestica.com/rtl/assets/images/shop/07.png]
[blogzine.webestica.com/rtl/assets/images/shop/05.png]
[blogzine.webestica.com/rtl/assets/images/shop/01.png]
[blogzine.webestica.com/rtl/assets/images/shop/14.jpg]
[blogzine.webestica.com/rtl/assets/images/shop/15.jpg]
[blogzine.webestica.com/rtl/assets/images/shop/16.jpg]
[blogzine.webestica.com/rtl/assets/images/shop/17.jpg]
[blogzine.webestica.com/rtl/index-12.html]
[blogzine.webestica.com/rtl/assets/images/shop/bg-offer.jpg]
[blogzine.webestica.com/rtl/shop-grid.html]
[blogzine.webestica.com/rtl/assets/images/shop/13.png]
[blogzine.webestica.com/rtl/assets/images/shop/14.png]
[blogzine.webestica.com/rtl/assets/images/shop/12.png]
[blogzine.webestica.com/rtl/assets/images/icon/visa.svg]
[blogzine.webestica.com/rtl/assets/images/icon/mastercard.svg]
[blogzine.webestica.com/rtl/shop-detail.html]
[blogzine.webestica.com/rtl/checkout.html]
[blogzine.webestica.com/rtl/my-cart.html]
[blogzine.webestica.com/rtl/assets/images/icon/empty-cart.svg]
[blogzine.webestica.com/rtl/empty-cart.html]
[blogzine.webestica.com/rtl/assets/images/blog/4by3/16.jpg]
[blogzine.webestica.com/rtl/author.html]
[blogzine.webestica.com/rtl/categories.html]
[blogzine.webestica.com/rtl/categories-2.html]
[blogzine.webestica.com/rtl/tag.html]
[blogzine.webestica.com/rtl/search-result.html]
[blogzine.webestica.com/rtl/404.html]
[blogzine.webestica.com/rtl/signup.html]
[blogzine.webestica.com/rtl/offline.html]
[blogzine.webestica.com/rtl/docs/index.html]
[blogzine.webestica.com/rtl/post-grid-4-col.html]
[blogzine.webestica.com/rtl/assets/images/blog/1by1/07.jpg]
[blogzine.webestica.com/rtl/assets/images/blog/1by1/05.jpg]
[blogzine.webestica.com/rtl/assets/images/blog/3by2/07.jpg]
[blogzine.webestica.com/rtl/post-grid-masonry.html]
[blogzine.webestica.com/rtl/post-grid-masonry-filter.html]
[blogzine.webestica.com/rtl/post-large-and-grid.html]
[blogzine.webestica.com/rtl/post-list.html]
[blogzine.webestica.com/rtl/post-list-2.html]
[blogzine.webestica.com/rtl/post-cards.html]
[blogzine.webestica.com/rtl/post-overlay.html]
[blogzine.webestica.com/rtl/assets/images/videos/poster.jpg]
[blogzine.webestica.com/rtl/assets/images/videos/video.mp4]
[blogzine.webestica.com/rtl/post-types.html]
[blogzine.webestica.com/rtl/post-single.html]
[blogzine.webestica.com/rtl/post-single-2.html]
[blogzine.webestica.com/rtl/post-single-3.html]
[blogzine.webestica.com/rtl/post-single-4.html]
[blogzine.webestica.com/rtl/post-single-5.html]
[blogzine.webestica.com/rtl/post-single-6.html]
[blogzine.webestica.com/rtl/assets/images/blog/16by9/big/06.jpg]
[blogzine.webestica.com/rtl/podcast-single.html]
[blogzine.webestica.com/rtl/pagination-styles.html]
[blogzine.webestica.com/rtl/assets/vendor/apexcharts/css/apexcharts.css]
[blogzine.webestica.com/rtl/assets/vendor/overlay-scrollbar/css/OverlayScrollbars.min.css]
[blogzine.webestica.com/rtl/dashboard-post-list.html]
[blogzine.webestica.com/rtl/dashboard-post-categories.html]
[blogzine.webestica.com/rtl/dashboard-post-create.html]
[blogzine.webestica.com/rtl/dashboard-author-list.html]
[blogzine.webestica.com/rtl/dashboard-post-edit.html]
[blogzine.webestica.com/rtl/dashboard-author-single.html]
[blogzine.webestica.com/rtl/dashboard-edit-profile.html]
[blogzine.webestica.com/rtl/dashboard-reviews.html]
[blogzine.webestica.com/rtl/dashboard-settings.html]
[blogzine.webestica.com/rtl/dashboard.html]
[blogzine.webestica.com/rtl/assets/vendor/overlay-scrollbar/js/OverlayScrollbars.min.js]
[blogzine.webestica.com/rtl/assets/images/logo-footer.svg]
[blogzine.webestica.com/rtl/assets/images/app-store.svg]
[blogzine.webestica.com/rtl/assets/images/google-play.svg]
[blogzine.webestica.com/rtl/assets/vendor/bootstrap/dist/js/bootstrap.bundle.min.js]
[blogzine.webestica.com/rtl/assets/vendor/tiny-slider/tiny-slider-rtl.js]
[blogzine.webestica.com/rtl/assets/vendor/sticky-js/sticky.min.js]
[blogzine.webestica.com/rtl/assets/vendor/plyr/plyr.js]
[blogzine.webestica.com/rtl/assets/js/functions.js]
[blogzine.webestica.com/assets/vendor/apexcharts/css/apexcharts.css]
[blogzine.webestica.com/assets/vendor/overlay-scrollbar/css/OverlayScrollbars.min.css]
[blogzine.webestica.com/assets/vendor/quill/css/quill.snow.css]
[blogzine.webestica.com/rtl/assets/vendor/apexcharts/js/apexcharts.min.js]
[blogzine.webestica.com/dashboard-post-list.html]
[blogzine.webestica.com/dashboard-post-categories.html]
[blogzine.webestica.com/dashboard-post-create.html]
[blogzine.webestica.com/dashboard-post-edit.html]
[blogzine.webestica.com/dashboard-author-list.html]
[blogzine.webestica.com/dashboard-author-single.html]
[blogzine.webestica.com/assets/images/blog/16by9/big/07.jpg]
[blogzine.webestica.com/assets/vendor/quill/js/quill.min.js]
[blogzine.webestica.com/dashboard-edit-profile.html]
[blogzine.webestica.com/dashboard-reviews.html]
[blogzine.webestica.com/assets/images/visa.svg]
[blogzine.webestica.com/assets/images/icon/d-light.svg]
[blogzine.webestica.com/assets/images/icon/d-dark.svg]
[blogzine.webestica.com/assets/images/icon/d-default.svg]
[blogzine.webestica.com/dashboard-settings.html]
[blogzine.webestica.com/assets/vendor/apexcharts/js/apexcharts.min.js]
[blogzine.webestica.com/assets/vendor/overlay-scrollbar/js/OverlayScrollbars.min.js]
[blogzine.webestica.com/Trident/index.html]
[blogzine.webestica.com/docs/assets/vendor/glightbox/css/glightbox.css]
[blogzine.webestica.com/Edge/index.html]
[blogzine.webestica.com/docs/assets/vendor/glightbox/js/glightbox.js]
[blogzine.webestica.com/docs/video/index.html]
[blogzine.webestica.com/video/index.html]
[blogzine.webestica.com/${e.image.html]
[blogzine.webestica.com/docs/assets/vendor/font-awesome/webfonts/fa-brands-400.svg]
[blogzine.webestica.com/docs/assets/vendor/font-awesome/webfonts/fa-regular-400.svg]
[blogzine.webestica.com/docs/assets/vendor/font-awesome/webfonts/fa-solid-900.svg]
[github.com/fluidicon.png]
[github.com/loginb032.html]
[github.com/apexcharts/_/_esi/rails_csrf_token_form_hidden.2ae972c.delayed]
[github.com/signup4bc1.html]
[github.com/loginbfc6.html]
[github.com/apexcharts/apexcharts.js/blob/main/LICENSE.html]
[github.com/apexcharts/apexcharts.js/stargazers.html]
[github.com/apexcharts/apexcharts.js/forks.html]
[github.com/apexcharts/apexcharts.js/branches.html]
[github.com/apexcharts/apexcharts.js/tags.html]
[github.com/apexcharts/apexcharts.js/activity.html]
[github.com/apexcharts/apexcharts.js/issues.html]
[github.com/apexcharts/apexcharts.js/pulls.html]
[github.com/apexcharts/apexcharts.js/discussions.html]
[github.com/apexcharts/apexcharts.js/actions.html]
[github.com/apexcharts/apexcharts.js/projects4494.html]
[github.com/apexcharts/apexcharts.js/security.html]
[github.com/apexcharts/apexcharts.js/security/overall-count.2bf.delayed]
[github.com/apexcharts/apexcharts.js/pulse.html]
[github.com/apexcharts/apexcharts.js/spoofed_commit_check/9190caa9e37b7ae5d5a331da8cf2e4cae89f41f3.html]
[github.com/apexcharts/apexcharts.js/tree/main/.html]
[github.com/apexcharts/apexcharts.js/tree/main/-2.html]
[github.com/apexcharts/apexcharts.js/tree/main/build.html]
[github.com/apexcharts/apexcharts.js/tree/main/dist.html]
[github.com/apexcharts/apexcharts.js/tree/main/nbproject.html]
[github.com/apexcharts/apexcharts.js/tree/main/samples.html]
[github.com/apexcharts/apexcharts.js/tree/main/src.html]
[github.com/apexcharts/apexcharts.js/tree/main/tests.html]
[github.com/apexcharts/apexcharts.js/tree/main/types.html]
[github.com/apexcharts/apexcharts.js/blob/main/.codeclimate.html]
[github.com/apexcharts/apexcharts.js/blob/main/.html]
[github.com/apexcharts/apexcharts.js/blob/main/-2.html]
[github.com/apexcharts/apexcharts.js/blob/main/.eslintrc.html]
[github.com/apexcharts/apexcharts.js/blob/main/-3.html]
[github.com/apexcharts/apexcharts.js/blob/main/-4.html]
[github.com/apexcharts/apexcharts.js/blob/main/-5.html]
[github.com/apexcharts/apexcharts.js/blob/main/-6.html]
[github.com/apexcharts/apexcharts.js/blob/main/-7.html]
[github.com/apexcharts/apexcharts.js/blob/main/.prettierrc.html]
[github.com/apexcharts/apexcharts.js/blob/main/.travis.html]
[github.com/apexcharts/apexcharts.js/blob/main/CODE_OF_CONDUCT.html]
[github.com/apexcharts/apexcharts.js/blob/main/CONTRIBUTING.html]
[github.com/apexcharts/apexcharts.js/blob/main/PULL_REQUEST_TEMPLATE.html]
[github.com/apexcharts/apexcharts.js/blob/main/README.html]
[github.com/apexcharts/apexcharts.js/blob/main/babel.config.html]
[github.com/apexcharts/apexcharts.js/blob/main/db.html]
[github.com/apexcharts/apexcharts.js/blob/main/jest.config.html]
[github.com/apexcharts/apexcharts.js/blob/main/package-lock.html]
[github.com/apexcharts/apexcharts.js/blob/main/package.html]
[github.com/apexcharts/apexcharts.js/blob/main/webpack.config.html]
[github.com/apexcharts/apexcharts.js/blob/main/yarn.html]
[www.travis-ci.com/apexcharts/apexcharts.2f8.delayed]
[codeclimate.com/github/apexcharts/apexcharts.html]
[raw.githubusercontent.com/alrra/browser-logos/master/src/firefox/firefox_48x48.png]
[raw.githubusercontent.com/alrra/browser-logos/master/src/chrome/chrome_48x48.png]
[raw.githubusercontent.com/alrra/browser-logos/master/src/safari/safari_48x48.png]
[raw.githubusercontent.com/alrra/browser-logos/master/src/edge/edge_48x48.png]
[user-images.githubusercontent.com/17712401/124668393-30772d00-de87-11eb-9360-3199c3b68b95.png]
[github.com/apexcharts/_https_/cdn.jsdelivr.net/npm/apexcharts___/script__.2ff.delayed]
[github.com/apexcharts/vue-apexcharts.html]
[github.com/apexcharts/react-apexcharts.html]
[github.com/apexcharts/ng-apexcharts.html]
[github.com/apexcharts/stencil-apexcharts.html]
[github.com/apexcharts/Blazor-ApexCharts.html]
[cdn.jsdelivr.net/npm/promise-polyfill@8/dist/polyfill.min.js]
[unpkg.com/canvg@3.0.4/lib/umd.js]
[github.com/apexcharts/apexcharts.js/blob/main/info@apexcharts.307.delayed]
[github.com/apexcharts/apexcharts.js/custom-properties.html]
[github.com/apexcharts/apexcharts.js/watchers.html]
[github.com/apexcharts/apexcharts.js/releases.html]
[github.com/apexcharts/apexcharts.js/releases/tag/v3.49.html]
[github.com/apexcharts/apexcharts.js/sponsors_listba96.html]
[github.com/orgs/apexcharts/packages6cf0.html]
[github.com/apexcharts/apexcharts.js/graphs/contributors.html]
[github.com/apexcharts/apexcharts.html]
[blogzine.webestica.com/docs/assets/vendor/bootstrap-icons/fonts/bootstrap-iconsfb95.woff2]
[blogzine.webestica.com/docs/assets/vendor/bootstrap-icons/fonts/bootstrap-iconsfb95.woff]
[blogzine.webestica.com/docs/assets/vendor/bootstrap-icons/bootstrap-icons.css]
[blogzine.webestica.com/rtl/assets/vendor/font-awesome/webfonts/fa-brands-400.svg]
[blogzine.webestica.com/rtl/assets/vendor/font-awesome/webfonts/fa-regular-400.svg]
[blogzine.webestica.com/rtl/assets/vendor/font-awesome/webfonts/fa-solid-900.svg]
[blogzine.webestica.com/rtl/docs/lazy-load.html]
[blogzine.webestica.com/rtl/assets/vendor/vanilla-lazyload/lazyload.min.js]
[blogzine.webestica.com/rtl/assets/vendor/glightbox/css/glightbox.css]
[blogzine.webestica.com/rtl/assets/images/cookie.svg]
[blogzine.webestica.com/rtl/assets/vendor/glightbox/js/glightbox.js]
[blogzine.webestica.com/rtl/video/index.html]
[blogzine.webestica.com/rtl/${e.image.315.delayed]
[blogzine.webestica.com/rtl/assets/vendor/jarallax/jarallax.min.js]
[blogzine.webestica.com/rtl/assets/vendor/jarallax/jarallax-video.min.js]
[blogzine.webestica.com/rtl/assets/images/logo-icon.svg]
[blogzine.webestica.com/rtl/assets/images/logo-2.svg]
[blogzine.webestica.com/rtl/assets/images/logo-2-light.svg]
[blogzine.webestica.com/rtl/assets/vendor/isotope/isotope.pkgd.min.js]
[blogzine.webestica.com/rtl/assets/vendor/imagesLoaded/imagesloaded.pkgd.min.js]
[blogzine.webestica.com/rtl/assets/images/icon/apple-podcasts.svg]
[blogzine.webestica.com/rtl/assets/images/icon/divider-icon.svg]
[blogzine.webestica.com/rtl/assets/images/icon/spotify.svg]
[blogzine.webestica.com/rtl/assets/images/icon/google-podcasts.svg]
[blogzine.webestica.com/rtl/assets/images/icon/pocket.svg]
[blogzine.webestica.com/rtl/assets/images/icon/sound-cloud.svg]
[blogzine.webestica.com/rtl/assets/images/icon/visa.svg]
[blogzine.webestica.com/rtl/assets/images/icon/mastercard.svg]
[blogzine.webestica.com/rtl/assets/images/icon/empty-cart.svg]
[blogzine.webestica.com/rtl/assets/vendor/apexcharts/css/apexcharts.css]
[blogzine.webestica.com/rtl/assets/vendor/overlay-scrollbar/css/OverlayScrollbars.min.css]
[blogzine.webestica.com/rtl/assets/vendor/quill/css/quill.snow.css]
[blogzine.webestica.com/rtl/dashboard-post-list.html]
[blogzine.webestica.com/rtl/dashboard-post-categories.html]
[blogzine.webestica.com/rtl/dashboard-post-create.html]
[blogzine.webestica.com/rtl/dashboard-post-edit.html]
[blogzine.webestica.com/rtl/dashboard-author-list.html]
[blogzine.webestica.com/rtl/dashboard-author-single.html]
[blogzine.webestica.com/rtl/assets/vendor/quill/js/quill.min.js]
[blogzine.webestica.com/rtl/assets/images/blog/16by9/big/07.jpg]
[blogzine.webestica.com/rtl/dashboard-edit-profile.html]
[blogzine.webestica.com/rtl/dashboard-reviews.html]
[blogzine.webestica.com/rtl/assets/images/visa.svg]
[blogzine.webestica.com/rtl/assets/images/icon/d-light.svg]
[blogzine.webestica.com/rtl/assets/images/icon/d-dark.svg]
[blogzine.webestica.com/rtl/assets/images/icon/d-default.svg]
[blogzine.webestica.com/rtl/dashboard-settings.html]
[blogzine.webestica.com/rtl/assets/vendor/apexcharts/js/apexcharts.min.js]
[blogzine.webestica.com/rtl/assets/vendor/overlay-scrollbar/js/OverlayScrollbars.min.js]
[blogzine.webestica.com/assets/vendor/quill/css/quill.snow.css]
[blogzine.webestica.com/assets/vendor/quill/js/quill.min.js]
[blogzine.webestica.com/rtl/Trident/index.html]
[blogzine.webestica.com/assets/images/visa.svg]
[blogzine.webestica.com/formats/index.html]
[blogzine.webestica.com/assets/images/icon/d-light.svg]
[blogzine.webestica.com/assets/images/icon/d-dark.svg]
[blogzine.webestica.com/assets/images/icon/d-default.svg]
[blogzine.webestica.com/Trident/index.html]
[blogzine.webestica.com/Edge/index.html]
[blogzine.webestica.com/docs/video/index.html]
[blogzine.webestica.com/rtl/Edge/index.html]
[blogzine.webestica.com/blots/index.html]
[github.com/opensearch.xml]
[github.com/login.html]
[github.com/manifest.json]
[github.com/password_reset.html]
[github.com/loginb032.html]
[github.com/apexcharts/_/_esi/rails_csrf_token_form_hidden972c.html]
[github.com/signup5a22.html]
[github.com/loginbf79.html]
[github.com/email_validity_checks.32b.delayed]
[github.com/password_validity_checks.32c.delayed]
[github.com/signup4bc1.html]
[github.com/apexcharts/apexcharts.js/sponsor_button.html]
[github.com/security.html]
[github.com/loginbfc6.html]
[github.com/signupe131.html]
[github.com/apexcharts/apexcharts.js/blob/main/_/_esi/rails_csrf_token_form_hidden.33d59c6.delayed]
[github.com/signup9e01.html]
[github.com/apexcharts/apexcharts.js/tree/main.html]
[github.com/apexcharts/apexcharts.js/commits/main/LICENSE.html]
[github.com/apexcharts/apexcharts.js/blob/main/LICENSE.html]
[github.com/apexcharts/apexcharts.js/_/_esi/rails_csrf_token_form_hidden.342872a.delayed]
[github.com/signup6c8b.html]
[github.com/apexcharts/apexcharts.js/stargazers.html]
[github.com/apexcharts/apexcharts.js/stargazers4658.html]
[github.com/apexcharts/apexcharts.js/_/_esi/rails_csrf_token_form_hidden.348905a.delayed]
[github.com/signupdb5d.html]
[github.com/apexcharts/apexcharts.js/community.html]
[github.com/apexcharts/apexcharts.js/graphs/commit-activity.html]
[github.com/apexcharts/apexcharts.js/graphs/code-frequency.html]
[github.com/apexcharts/apexcharts.js/network/dependencies.html]
[github.com/apexcharts/apexcharts.js/network.html]
[github.com/apexcharts/apexcharts.js/network/members.html]
[github.com/apexcharts/apexcharts.js/forks70c3.html]
[github.com/apexcharts/apexcharts.js/forksf54e.html]
[github.com/apexcharts/apexcharts.js/forks2b33.html]
[github.com/apexcharts/apexcharts.js/forks1eef.html]
[github.com/apexcharts/apexcharts.js/forks8db0.html]
[github.com/apexcharts/apexcharts.js/forksf35e.html]
[github.com/apexcharts/apexcharts.js/forksba5b.html]
[github.com/apexcharts/apexcharts.js/forks345c.html]
[github.com/apexcharts/apexcharts.js/forkseded.html]
[github.com/apexcharts/apexcharts.js/forks4c63.html]
[github.com/apexcharts/apexcharts.js/forks5a0a.html]
[github.com/apexcharts/apexcharts.js/forksa443.html]
[github.com/apexcharts/apexcharts.js/forks814f.html]
[github.com/SielloRiatto/apexcharts.html]
[github.com/last9/apexcharts.html]
[github.com/brbog/apexcharts.html]
[github.com/forkon-gmbh/apexcharts.html]
[github.com/horizonvert1027/apexcharts.html]
[github.com/JulienMalcouronne/apexcharts.html]
[github.com/mygpse/apexcharts.html]
[github.com/nagyist/apexcharts.html]
[github.com/neonkore/apexcharts.html]
[github.com/nikkorn/apexcharts.html]
[github.com/nocey/apexcharts.html]
[github.com/NoPayneNoGame/apexcharts.html]
[github.com/normannMarit/apexcharts.html]
[github.com/nurzhas/apexcharts.html]
[github.com/oschakravarthi/apexcharts.html]
[github.com/Paul31000/apexcharts_splitbars.html]
[github.com/PietroLauria/apexcharts.html]
[github.com/qwintstream-dev/apexcharts.html]
[github.com/rafa0128/apexcharts.html]
[github.com/ramazanebci/apexcharts.html]
[github.com/Kasluk24/apexcharts.html]
[github.com/kpmdevgr/apexcharts.html]
[github.com/limjiechao/apexcharts.html]
[github.com/lucacapocci94-dev/apexcharts.html]
[github.com/apexcharts/apexcharts.js/forks4658.html]
[github.com/apexcharts/apexcharts.js/forks9ba9.html]
[github.com/apexcharts/apexcharts.js/forksfdb0.html]
[github.com/apexcharts/apexcharts.js/forksaf4d.html]
[github.com/apexcharts/apexcharts.js/forks.html]
[github.com/apexcharts/apexcharts.js/forksc575.html]
[github.com/apexcharts/apexcharts.js/_/_esi/rails_csrf_token_form_hidden.37f39d9.delayed]
[github.com/signup4bab.html]
[github.com/apexcharts/apexcharts.js/branches/active.html]
[github.com/apexcharts/apexcharts.js/branches/stale.html]
[github.com/apexcharts/apexcharts.js/branches/all.html]
[github.com/apexcharts/apexcharts.js/branches.html]
[github.com/apexcharts/apexcharts.js/tree/feat/slope-chart.html]
[github.com/apexcharts/apexcharts.js/_/_esi/rails_csrf_token_form_hidden.386dc63.delayed]
[github.com/signupda87.html]
[github.com/apexcharts/apexcharts.js/commit/8c216f1071ab017886aeb5549b4f22468102937e.html]
[github.com/apexcharts/apexcharts.js/releases/tag/v3.49-2.html]
[github.com/apexcharts/apexcharts.js/commit/106a7ea7ab3b9703970b87db64a84bb1939dd2a8.html]
[github.com/apexcharts/apexcharts.js/releases/tag/v3.48.html]
[github.com/apexcharts/apexcharts.js/commit/57e27ffe53ed79f32a1973307370c80bc8fe5208.html]
[github.com/apexcharts/apexcharts.js/releases/tag/v3.47.html]
[github.com/apexcharts/apexcharts.js/commit/0b0d270ca044225115d263fa9011ff65369eed6c.html]
[github.com/apexcharts/apexcharts.js/releases/tag/v3.46.html]
[github.com/apexcharts/apexcharts.js/commit/ca8a1d941892ab0485bae4a28aa6a19966ea8d04.html]
[github.com/apexcharts/apexcharts.js/releases/tag/v3.45.html]
[github.com/apexcharts/apexcharts.js/commit/e1a4400da3f22a187ccb4b55db279e0fe20a1519.html]
[github.com/apexcharts/apexcharts.js/releases/tag/v3.45-2.html]
[github.com/apexcharts/apexcharts.js/releases/tag/v3.45-3.html]
[github.com/apexcharts/apexcharts.js/commit/c2a4b9c2b7a0d1d54565e9d4cf1ee4ed8c66905d.html]
[github.com/apexcharts/apexcharts.js/releases/tag/v3.44.html]
[github.com/apexcharts/apexcharts.js/commit/373983d0711b7f6b9b9c97982275ceefdf3b9d34.html]
[github.com/apexcharts/apexcharts.js/releases/tag/v3.44-2.html]
[github.com/apexcharts/apexcharts.js/tags.html]
[github.com/apexcharts/apexcharts.js/tags23ac.html]
[github.com/apexcharts/apexcharts.js/_/_esi/rails_csrf_token_form_hidden.3b17a3c.delayed]
[github.com/apexcharts/apexcharts.js/activity.html]
[github.com/signupbc3a.html]
[github.com/apexcharts/apexcharts.js/_/_esi/rails_csrf_token_form_hidden.3b6d307.delayed]
[github.com/signup7d72.html]
[github.com/apexcharts/apexcharts.js/labels.html]
[github.com/apexcharts/apexcharts.js/milestones.html]
[github.com/apexcharts/apexcharts.js/issuesa141.html]
[github.com/apexcharts/apexcharts.js/issues6d1a.html]
[github.com/apexcharts/apexcharts.js/issues/show_menu_contentd974.html]
[github.com/apexcharts/apexcharts.js/issues/show_menu_contente8ba.html]
[github.com/apexcharts/apexcharts.js/issues/show_menu_content07f7.html]
[github.com/apexcharts/apexcharts.js/issues/show_menu_content5a37.html]
[github.com/apexcharts/apexcharts.js/issues/show_menu_content9b58.html]
[github.com/apexcharts/apexcharts.js/issues411f.html]
[github.com/apexcharts/apexcharts.js/issues475a.html]
[github.com/apexcharts/apexcharts.js/issues48f3.html]
[github.com/apexcharts/apexcharts.js/issuesd757.html]
[github.com/apexcharts/apexcharts.js/issues740a.html]
[github.com/apexcharts/apexcharts.js/issues29b8.html]
[github.com/apexcharts/apexcharts.js/issues2deb.html]
[github.com/apexcharts/apexcharts.js/issues459c.html]
[github.com/apexcharts/apexcharts.js/issues0cfd.html]
[github.com/apexcharts/apexcharts.js/issues3885.html]
[github.com/apexcharts/apexcharts.js/issuesf4c8.html]
[github.com/apexcharts/apexcharts.js/issues86f2.html]
[github.com/apexcharts/apexcharts.js/issues060b.html]
[github.com/apexcharts/apexcharts.js/issueseb0c.html]
[github.com/apexcharts/apexcharts.js/issuesf5e8.html]
[github.com/apexcharts/apexcharts.js/issues/4517.html]
[github.com/apexcharts/apexcharts.js/issues.3d1d13b.delayed]
[github.com/apexcharts/apexcharts.js/issues/created_by/yp05327.html]
[github.com/apexcharts/apexcharts.js/issues/4509.html]
[github.com/apexcharts/apexcharts.js/issues/created_by/Prakanksh.html]
[github.com/apexcharts/apexcharts.js/issues/4507.html]
[github.com/apexcharts/apexcharts.js/issues/created_by/Kcngu01.html]
[github.com/apexcharts/apexcharts.js/issues/4493.html]
[github.com/apexcharts/apexcharts.js/issues/created_by/dariabaklykova.html]
[github.com/apexcharts/apexcharts.js/issues/4492.html]
[github.com/apexcharts/apexcharts.js/issues/created_by/adnane-ka.html]
[github.com/apexcharts/apexcharts.js/issues/4484.html]
[github.com/apexcharts/apexcharts.js/issues/created_by/onetdev.html]
[github.com/apexcharts/apexcharts.js/issues/4480.html]
[github.com/apexcharts/apexcharts.js/issues/created_by/Joshua-White-TRP.html]
[github.com/apexcharts/apexcharts.js/issues/4472.html]
[github.com/apexcharts/apexcharts.js/issues/created_by/fabio-sp.html]
[github.com/apexcharts/apexcharts.js/issues/4469.html]
[github.com/apexcharts/apexcharts.js/issues.3eaa67a.delayed]
[github.com/apexcharts/apexcharts.js/issues/created_by/FADL285.html]
[github.com/apexcharts/apexcharts.js/issues/4467.html]
[github.com/apexcharts/apexcharts.js/issues/created_by/QuentinBubu.html]
[github.com/apexcharts/apexcharts.js/issues/4463.html]
[github.com/apexcharts/apexcharts.js/issues/created_by/VeloAddict.html]
[github.com/apexcharts/apexcharts.js/issues/4461.html]
[github.com/apexcharts/apexcharts.js/issues/created_by/nshpam.html]
[github.com/apexcharts/apexcharts.js/issues/4460.html]
[github.com/apexcharts/apexcharts.js/issues/created_by/fr4nk3nst3in.html]
[github.com/apexcharts/apexcharts.js/issues/4458.html]
[github.com/apexcharts/apexcharts.js/issues/created_by/bcldvd.html]
[github.com/apexcharts/apexcharts.js/issues/4454.html]
[github.com/apexcharts/apexcharts.js/issues/created_by/Kutlwiwiso.html]
[github.com/apexcharts/apexcharts.js/issues/4453.html]
[github.com/apexcharts/apexcharts.js/issues/created_by/willdochnur.html]
[github.com/apexcharts/apexcharts.js/issues/4451.html]
[github.com/apexcharts/apexcharts.js/issues/created_by/dlopesa.html]
[github.com/apexcharts/apexcharts.js/issues/4447.html]
[github.com/apexcharts/apexcharts.js/issues/created_by/DenielPereira.html]
[github.com/apexcharts/apexcharts.js/issues/4446.html]
[github.com/apexcharts/apexcharts.js/issues/created_by/Raraby.html]
[github.com/apexcharts/apexcharts.js/issues/4435.html]
[github.com/apexcharts/apexcharts.js/issues/created_by/Thimows.html]
[github.com/apexcharts/apexcharts.js/issues/4427.html]
[github.com/apexcharts/apexcharts.js/issues/created_by/YaroslavWeb.html]
[github.com/apexcharts/apexcharts.js/issues/4426.html]
[github.com/apexcharts/apexcharts.js/issues/4423.html]
[github.com/apexcharts/apexcharts.js/issues/created_by/technyon.html]
[github.com/apexcharts/apexcharts.js/issues/4422.html]
[github.com/apexcharts/apexcharts.js/issues/created_by/tmac12.html]
[github.com/apexcharts/apexcharts.js/issues/4414.html]
[github.com/apexcharts/apexcharts.js/issues/created_by/LeoMcH36.html]
[github.com/apexcharts/apexcharts.js/issuesf9d5.html]
[github.com/apexcharts/apexcharts.js/issues091a.html]
[github.com/apexcharts/apexcharts.js/issues75e6.html]
[github.com/apexcharts/apexcharts.js/issues7fd6.html]
[github.com/apexcharts/apexcharts.js/issues2136.html]
[github.com/apexcharts/apexcharts.js/issues.html]
[github.com/apexcharts/apexcharts.js/issuesaa64.html]
[github.com/apexcharts/apexcharts.js/_/_esi/rails_csrf_token_form_hidden.4214a4c.delayed]
[github.com/signup03ae.html]
[github.com/apexcharts/apexcharts.js/compare.html]
[github.com/apexcharts/apexcharts.js/pullse309.html]
[github.com/apexcharts/apexcharts.js/pulls762f.html]
[github.com/apexcharts/apexcharts.js/issues/show_menu_content8d5a.html]
[github.com/apexcharts/apexcharts.js/issues/show_menu_content9228.html]
[github.com/apexcharts/apexcharts.js/issues/show_menu_content400a.html]
[github.com/apexcharts/apexcharts.js/issues/show_menu_content3a10.html]
[github.com/apexcharts/apexcharts.js/pullse65e.html]
[github.com/apexcharts/apexcharts.js/pulls60b1.html]
[github.com/apexcharts/apexcharts.js/pulls69ac.html]
[github.com/apexcharts/apexcharts.js/pullsab34.html]
[github.com/apexcharts/apexcharts.js/issues/show_menu_content96b0.html]
[github.com/apexcharts/apexcharts.js/pulls9486.html]
[github.com/apexcharts/apexcharts.js/pulls41bb.html]
[github.com/apexcharts/apexcharts.js/pullseff9.html]
[github.com/apexcharts/apexcharts.js/pullsa03c.html]
[github.com/apexcharts/apexcharts.js/pulls28ff.html]
[github.com/apexcharts/apexcharts.js/pulls6a93.html]
[github.com/apexcharts/apexcharts.js/pulls3e26.html]
[github.com/apexcharts/apexcharts.js/pulls5e85.html]
[github.com/apexcharts/apexcharts.js/pullsef5c.html]
[github.com/apexcharts/apexcharts.js/pulls2b8a.html]
[github.com/apexcharts/apexcharts.js/pullsb302.html]
[github.com/apexcharts/apexcharts.js/pulls58f0.html]
[github.com/apexcharts/apexcharts.js/pullseeb1.html]
[github.com/apexcharts/apexcharts.js/pullsfd7f.html]
[github.com/apexcharts/apexcharts.js/pullsa80b.html]
[github.com/apexcharts/apexcharts.js/pull/4516.html]
[github.com/apexcharts/apexcharts.js/pulls/halfpeeled.html]
[github.com/apexcharts/apexcharts.js/issues/4370.html]
[github.com/apexcharts/apexcharts.js/pull/4515.html]
[github.com/apexcharts/apexcharts.js/pulls/Sebastian-Webster.html]
[github.com/apexcharts/apexcharts.js/pull/4510.html]
[github.com/apexcharts/apexcharts.js/pulls.html]
[github.com/apexcharts/apexcharts.js/pull/4505.html]
[github.com/apexcharts/apexcharts.js/_/_esi/rails_csrf_token_form_hidden.452e887.delayed]
[github.com/signup714b.html]
[github.com/apexcharts/apexcharts.js/discussions509e.html]
[github.com/apexcharts/apexcharts.js/discussions30ba.html]
[github.com/apexcharts/apexcharts.js/discussions3aff.html]
[github.com/apexcharts/apexcharts.js/discussions0166.html]
[github.com/apexcharts/apexcharts.js/discussions54f9.html]
[github.com/apexcharts/apexcharts.js/discussions548a.html]
[github.com/apexcharts/apexcharts.js/discussions2917.html]
[github.com/apexcharts/apexcharts.js/discussions/labels/search_menu.45b509e.delayed]
[github.com/apexcharts/apexcharts.js/discussionsdd7a.html]
[github.com/apexcharts/apexcharts.js/discussions5c99.html]
[github.com/apexcharts/apexcharts.js/discussionsad6a.html]
[github.com/apexcharts/apexcharts.js/discussionsa5fe.html]
[github.com/apexcharts/apexcharts.js/discussionsda52.html]
[github.com/apexcharts/apexcharts.js/discussionsfae0.html]
[github.com/apexcharts/apexcharts.js/discussions/categories/general.html]
[github.com/apexcharts/apexcharts.js/discussions/categories/ideas.html]
[github.com/apexcharts/apexcharts.js/discussions/categories/polls.html]
[github.com/apexcharts/apexcharts.js/discussions/categories/q-a.html]
[github.com/apexcharts/apexcharts.js/discussions/categories/show-and-tell.html]
[github.com/apexcharts/apexcharts.js/discussions/leaderboard.html]
[github.com/apexcharts/apexcharts.js/blob/9190caa9e37b7ae5d5a331da8cf2e4cae89f41f3/CODE_OF_CONDUCT.html]
[github.com/apexcharts/apexcharts.js/discussions/4513.html]
[github.com/apexcharts/apexcharts.js/discussions/categories/general887a.html]
[github.com/apexcharts/apexcharts.js/discussions/4511.html]
[github.com/apexcharts/apexcharts.js/discussions/4512.html]
[github.com/apexcharts/apexcharts.js/discussions/4506.html]
[github.com/apexcharts/apexcharts.js/discussions/categories/q-a2247.html]
[github.com/apexcharts/apexcharts.js/discussions/4503.html]
[github.com/apexcharts/apexcharts.js/discussions/4499.html]
[github.com/apexcharts/apexcharts.js/discussions/4491.html]
[github.com/apexcharts/apexcharts.js/discussions/4490.html]
[github.com/apexcharts/apexcharts.js/discussions/3561.html]
[github.com/apexcharts/apexcharts.js/discussions1d7b.html]
[github.com/apexcharts/apexcharts.js/discussions/4487.html]
[github.com/apexcharts/apexcharts.js/discussions/categories/idease6db.html]
[github.com/apexcharts/apexcharts.js/discussions/4477.html]
[github.com/apexcharts/apexcharts.js/discussions/3954.html]
[github.com/apexcharts/apexcharts.js/discussions/categories/show-and-tell314f.html]
[github.com/apexcharts/apexcharts.js/discussions/4468.html]
[github.com/apexcharts/apexcharts.js/discussions/4465.html]
[github.com/apexcharts/apexcharts.js/discussions/4464.html]
[github.com/apexcharts/apexcharts.js/discussions/4456.html]
[github.com/apexcharts/apexcharts.js/discussions/3519.html]
[github.com/apexcharts/apexcharts.js/discussions/4459.html]
[github.com/apexcharts/apexcharts.js/discussions/3229.html]
[github.com/apexcharts/apexcharts.js/discussions/4457.html]
[github.com/apexcharts/apexcharts.js/discussions/4450.html]
[github.com/apexcharts/apexcharts.js/discussions/4449.html]
[github.com/apexcharts/apexcharts.js/discussions/4448.html]
[github.com/apexcharts/apexcharts.js/discussions/4441.html]
[github.com/apexcharts/apexcharts.js/discussions/4440.html]
[github.com/apexcharts/apexcharts.js/discussions4658.html]
[github.com/apexcharts/apexcharts.js/discussions9ba9.html]
[github.com/apexcharts/apexcharts.js/discussionsfdb0.html]
[github.com/apexcharts/apexcharts.js/discussionsaf4d.html]
[github.com/apexcharts/apexcharts.js/discussions1d82.html]
[github.com/apexcharts/apexcharts.js/discussions.html]
[github.com/apexcharts/apexcharts.js/discussions8c06.html]
[github.com/apexcharts/apexcharts.js/_/_esi/rails_csrf_token_form_hidden.49413c2.delayed]
[github.com/signupa152.html]
[github.com/apexcharts/apexcharts.js/actions/workflows/codeql-analysis.html]
[github.com/apexcharts/apexcharts.js/actions/workflows/stale.html]
[github.com/apexcharts/apexcharts.js/actions/workflows/node.js.html]
[github.com/apexcharts/apexcharts.js/actions/workflows_partial0f15.html]
[github.com/apexcharts/apexcharts.js/actions/caches.49a.delayed]
[github.com/apexcharts/apexcharts.js/attestations.html]
[github.com/apexcharts/apexcharts.js/actions/navigation_partial.49c84f0.delayed]
[github.com/apexcharts/apexcharts.js/actions/events0f15.html]
[github.com/apexcharts/apexcharts.js/actions/statuses0f15.html]
[github.com/apexcharts/apexcharts.js/actions/actors0f15.html]
[github.com/apexcharts/apexcharts.js/actions/runs/9429432770.html]
[github.com/apexcharts/apexcharts.js/actions/runs/9429432770/workflow.html]
[github.com/apexcharts/apexcharts.js/actions/runs/9429093221.html]
[github.com/apexcharts/apexcharts.js/actions/runs/9429093221/workflow.html]
[github.com/apexcharts/apexcharts.js/actions/runs/9418633247.html]
[github.com/apexcharts/apexcharts.js/actions/runs/9418633247/workflow.html]
[github.com/apexcharts/apexcharts.js/actions.html]
[github.com/apexcharts/apexcharts.js/projects4494.html]
[github.com/apexcharts/apexcharts.js/security.html]
[github.com/apexcharts/apexcharts.js/security/overall-count.html]
[github.com/apexcharts/apexcharts.js/pulse.html]
[github.com/apexcharts/apexcharts.js/spoofed_commit_check/9190caa9e37b7ae5d5a331da8cf2e4cae89f41f3.html]
[github.com/apexcharts/apexcharts.js/tree/main/.html]
[github.com/apexcharts/apexcharts.js/tree/main/-2.html]
[github.com/apexcharts/apexcharts.js/tree/main/build.html]
[github.com/apexcharts/apexcharts.js/tree/main/dist.html]
[github.com/apexcharts/apexcharts.js/tree/main/nbproject.html]
[github.com/apexcharts/apexcharts.js/tree/main/samples.html]
[github.com/apexcharts/apexcharts.js/tree/main/src.html]
[github.com/apexcharts/apexcharts.js/tree/main/tests.html]
[github.com/apexcharts/apexcharts.js/tree/main/types.html]
[github.com/apexcharts/apexcharts.js/blob/main/.codeclimate.html]
[github.com/apexcharts/apexcharts.js/blob/main/.html]
[github.com/apexcharts/apexcharts.js/blob/main/-2.html]
[github.com/apexcharts/apexcharts.js/blob/main/.eslintrc.html]
[github.com/apexcharts/apexcharts.js/blob/main/-3.html]
[github.com/apexcharts/apexcharts.js/blob/main/-4.html]
[github.com/apexcharts/apexcharts.js/blob/main/-5.html]
[github.com/apexcharts/apexcharts.js/blob/main/-6.html]
[github.com/apexcharts/apexcharts.js/blob/main/-7.html]
[github.com/apexcharts/apexcharts.js/blob/main/.prettierrc.html]
[github.com/apexcharts/apexcharts.js/blob/main/.travis.html]
[github.com/apexcharts/apexcharts.js/blob/main/CODE_OF_CONDUCT.html]
[github.com/apexcharts/apexcharts.js/blob/main/CONTRIBUTING.html]
[github.com/apexcharts/apexcharts.js/blob/main/PULL_REQUEST_TEMPLATE.html]
[github.com/apexcharts/apexcharts.js/blob/main/README.html]
[github.com/apexcharts/apexcharts.js/blob/main/babel.config.html]
[github.com/apexcharts/apexcharts.js/blob/main/db.html]
[github.com/apexcharts/apexcharts.js/blob/main/jest.config.html]
[github.com/apexcharts/apexcharts.js/blob/main/package-lock.html]
[github.com/apexcharts/apexcharts.js/blob/main/package.html]
[github.com/apexcharts/apexcharts.js/blob/main/webpack.config.html]
[github.com/apexcharts/apexcharts.js/blob/main/yarn.html]
[www.travis-ci.com/apexcharts/apexcharts.html]
[codeclimate.com/github/apexcharts/apexcharts.html]
[github.com/apexcharts/_https_/cdn.jsdelivr.net/npm/apexcharts___/script__.html]
[github.com/apexcharts/vue-apexcharts.html]
[github.com/apexcharts/react-apexcharts.html]
[github.com/apexcharts/ng-apexcharts.html]
[github.com/apexcharts/stencil-apexcharts.html]
[github.com/apexcharts/Blazor-ApexCharts.html]
[github.com/apexcharts/apexcharts.js/blob/main/info@apexcharts.html]
[github.com/apexcharts/apexcharts.js/hovercards/citation/sidebar_partial7881.html]
[github.com/apexcharts/apexcharts.js/custom-properties.html]
[github.com/apexcharts/apexcharts.js/watchers.html]
[github.com/apexcharts/apexcharts.js/releases.html]
[github.com/apexcharts/apexcharts.js/releases/tag/v3.49.html]
[github.com/apexcharts/apexcharts.js/sponsors_listba96.html]
[github.com/orgs/apexcharts/packages6cf0.html]
[github.com/apexcharts/apexcharts.js/used_by_list.html]
[github.com/apexcharts/apexcharts.js/graphs/contributors.html]
[blogzine.webestica.com/rtl/video/index.html]
[blogzine.webestica.com/rtl/${e.image.html]
[blogzine.webestica.com/rtl/assets/vendor/quill/css/quill.snow.css]
[blogzine.webestica.com/rtl/assets/vendor/quill/js/quill.min.js]
[blogzine.webestica.com/rtl/assets/images/visa.svg]
[blogzine.webestica.com/rtl/assets/images/icon/d-light.svg]
[blogzine.webestica.com/rtl/assets/images/icon/d-dark.svg]
[blogzine.webestica.com/rtl/assets/images/icon/d-default.svg]
[blogzine.webestica.com/rtl/Trident/index.html]
[blogzine.webestica.com/rtl/Edge/index.html]
[blogzine.webestica.com/blots/index.html]
[blogzine.webestica.com/formats/index.html]
[github.com/login.html]
[github.com/password_reset.html]
[github.com/signup5a22.html]
[github.com/loginbf79.html]
[github.com/email_validity_checks.html]
[github.com/password_validity_checks.html]
[github.com/signup_check/usernamefc8d.html]
[github.com/security.html]
[github.com/signupe131.html]
[github.com/apexcharts/apexcharts.js/blob/main/_/_esi/rails_csrf_token_form_hidden59c6.html]
[github.com/signup9e01.html]
[github.com/apexcharts/apexcharts.js/tree/main.html]
[github.com/apexcharts/apexcharts.js/commits/main/LICENSE.html]
[github.com/apexcharts/apexcharts.js/_/_esi/rails_csrf_token_form_hidden872a.html]
[github.com/signup6c8b.html]
[github.com/apexcharts/apexcharts.js/stargazers4658.html]
[github.com/apexcharts/apexcharts.js/_/_esi/rails_csrf_token_form_hidden905a.html]
[github.com/signupdb5d.html]
[github.com/apexcharts/apexcharts.js/community.html]
[github.com/apexcharts/apexcharts.js/graphs/commit-activity.html]
[github.com/apexcharts/apexcharts.js/graphs/code-frequency.html]
[github.com/apexcharts/apexcharts.js/network/dependencies.html]
[github.com/apexcharts/apexcharts.js/network.html]
[github.com/apexcharts/apexcharts.js/network/members.html]
[github.com/apexcharts/apexcharts.js/forks70c3.html]
[github.com/apexcharts/apexcharts.js/forksf54e.html]
[github.com/apexcharts/apexcharts.js/forks10b2.html]
[github.com/apexcharts/apexcharts.js/forksc852.html]
[github.com/apexcharts/apexcharts.js/forksb4c0.html]
[github.com/apexcharts/apexcharts.js/forks5a8c.html]
[github.com/apexcharts/apexcharts.js/forkseb30.html]
[github.com/apexcharts/apexcharts.js/forksb553.html]
[github.com/apexcharts/apexcharts.js/forks7b1c.html]
[github.com/muradtag/apexcharts.html]
[github.com/vueleague/apexcharts.html]
[github.com/apexcharts/apexcharts.js/forks5eb3.html]
[github.com/apexcharts/apexcharts.js/forkscdbd.html]
[github.com/apexcharts/apexcharts.js/forks2b33.html]
[github.com/apexcharts/apexcharts.js/forksce5a.html]
[github.com/apexcharts/apexcharts.js/_/_esi/rails_csrf_token_form_hidden.b17dd3e.delayed]
[github.com/apexcharts/apexcharts.js/forksb5a6.html]
[github.com/apexcharts/apexcharts.js/forksf93a.html]
[github.com/apexcharts/apexcharts.js/forks3f40.html]
[github.com/apexcharts/apexcharts.js/forks9fa1.html]
[github.com/apexcharts/apexcharts.js/forks1eef.html]
[github.com/apexcharts/apexcharts.js/forks0df5.html]
[github.com/apexcharts/apexcharts.js/_/_esi/rails_csrf_token_form_hidden.b1d6969.delayed]
[github.com/apexcharts/apexcharts.js/forksd9c5.html]
[github.com/apexcharts/apexcharts.js/forks74ec.html]
[github.com/apexcharts/apexcharts.js/forks25bb.html]
[github.com/apexcharts/apexcharts.js/forkse634.html]
[github.com/apexcharts/apexcharts.js/forksd1d5.html]
[github.com/apexcharts/apexcharts.js/forksaf86.html]
[github.com/apexcharts/apexcharts.js/forks3942.html]
[github.com/apexcharts/apexcharts.js/forks6991.html]
[github.com/nguyenvietha/Newapexcharts.html]
[github.com/apexcharts/apexcharts.js/forkse131.html]
[github.com/apexcharts/apexcharts.js/forksb776.html]
[github.com/apexcharts/apexcharts.js/forks3e82.html]
[github.com/apexcharts/apexcharts.js/forksab4e.html]
[github.com/apexcharts/apexcharts.js/forksd41e.html]
[github.com/apexcharts/apexcharts.js/forks8db0.html]
[github.com/apexcharts/apexcharts.js/forksc6be.html]
[github.com/apexcharts/apexcharts.js/_/_esi/rails_csrf_token_form_hidden.b2dd511.delayed]
[github.com/apexcharts/apexcharts.js/forks4b87.html]
[github.com/apexcharts/apexcharts.js/forks58e4.html]
[github.com/apexcharts/apexcharts.js/forksee53.html]
[github.com/apexcharts/apexcharts.js/forksc49d.html]
[github.com/apexcharts/apexcharts.js/forks9d53.html]
[github.com/apexcharts/apexcharts.js/forks8e79.html]
[github.com/apexcharts/apexcharts.js/forksf35e.html]
[github.com/apexcharts/apexcharts.js/forks1d43.html]
[github.com/apexcharts/apexcharts.js/_/_esi/rails_csrf_token_form_hidden.b355041.delayed]
[github.com/apexcharts/apexcharts.js/forks5829.html]
[github.com/apexcharts/apexcharts.js/forks4e44.html]
[github.com/apexcharts/apexcharts.js/forks0ab1.html]
[github.com/apexcharts/apexcharts.js/forks76df.html]
[github.com/apexcharts/apexcharts.js/forksd791.html]
[github.com/apexcharts/apexcharts.js/forks38db.html]
[github.com/jakkku/apexcharts.html]
[github.com/mahfuzurrah/apexcharts.html]
[github.com/jashim-official75/apexcharts.html]
[github.com/hoprodev/apexcharts.html]
[github.com/ntbies/apexcharts.html]
[github.com/nowaythisworks/apexcharts.html]
[github.com/apexcharts/apexcharts.js/forks35fe.html]
[github.com/apexcharts/apexcharts.js/forkse2b3.html]
[github.com/apexcharts/apexcharts.js/forks5b63.html]
[github.com/apexcharts/apexcharts.js/forks80f6.html]
[github.com/apexcharts/apexcharts.js/forks7de1.html]
[github.com/apexcharts/apexcharts.js/forksba5b.html]
[github.com/apexcharts/apexcharts.js/_/_esi/rails_csrf_token_form_hidden.b482ffc.delayed]
[github.com/apexcharts/apexcharts.js/forkse471.html]
[github.com/apexcharts/apexcharts.js/forks565b.html]
[github.com/apexcharts/apexcharts.js/forks7e92.html]
[github.com/apexcharts/apexcharts.js/forks113b.html]
[github.com/apexcharts/apexcharts.js/forks0ad8.html]
[github.com/nashvie/apexcharts.html]
[github.com/cart-before-horse/apexcharts.html]
[github.com/apexcharts/apexcharts.js/forkse40e.html]
[github.com/apexcharts/apexcharts.js/forkscd8a.html]
[github.com/apexcharts/apexcharts.js/forks0ef9.html]
[github.com/apexcharts/apexcharts.js/forksc7b0.html]
[github.com/apexcharts/apexcharts.js/forks345c.html]
[github.com/apexcharts/apexcharts.js/forkse033.html]
[github.com/apexcharts/apexcharts.js/_/_esi/rails_csrf_token_form_hidden.b55e597.delayed]
[github.com/apexcharts/apexcharts.js/forks54dc.html]
[github.com/apexcharts/apexcharts.js/forks60dd.html]
[github.com/apexcharts/apexcharts.js/forks8a44.html]
[github.com/apexcharts/apexcharts.js/forks29e2.html]
[github.com/apexcharts/apexcharts.js/forks5579.html]
[github.com/apexcharts/apexcharts.js/forksa3aa.html]
[github.com/apexcharts/apexcharts.js/forks3bc9.html]
[github.com/apexcharts/apexcharts.js/forks9df4.html]
[github.com/apexcharts/apexcharts.js/forkseded.html]
[github.com/apexcharts/apexcharts.js/forkscf28.html]
[github.com/apexcharts/apexcharts.js/_/_esi/rails_csrf_token_form_hidden.b5f4ae4.delayed]
[github.com/apexcharts/apexcharts.js/forks72f1.html]
[github.com/apexcharts/apexcharts.js/forks37de.html]
[github.com/apexcharts/apexcharts.js/forks4c63.html]
[github.com/apexcharts/apexcharts.js/forks7c12.html]
[github.com/apexcharts/apexcharts.js/_/_esi/rails_csrf_token_form_hidden.b630185.delayed]
[github.com/dylanmcguir3/apexcharts.html]
[github.com/Digvijayrao-KF/apexcharts.html]
[github.com/apexcharts/apexcharts.js/forksad81.html]
[github.com/apexcharts/apexcharts.js/forks9a63.html]
[github.com/apexcharts/apexcharts.js/forkse756.html]
[github.com/apexcharts/apexcharts.js/forks6251.html]
[github.com/apexcharts/apexcharts.js/forks5a0a.html]
[github.com/apexcharts/apexcharts.js/forksac54.html]
[github.com/apexcharts/apexcharts.js/_/_esi/rails_csrf_token_form_hidden.b6b42a2.delayed]
[github.com/0horaa/apexcharts.html]
[github.com/alexanderkozlovtoptal/apexcharts.html]
[github.com/abi-spyro/apexcharts.html]
[github.com/AMENAB12/apexcharts.html]
[github.com/AvaGivone/apexcharts.html]
[github.com/AMetIR/apexcharts.html]
[github.com/brass-na/apexcharts.html]
[github.com/Capitalfxtrading8642/apexcharts.html]
[github.com/chicaovieira-tw/apexcharts.html]
[github.com/chncaption/apexcharts.html]
[github.com/apexcharts/apexcharts.js/forks106c.html]
[github.com/apexcharts/apexcharts.js/forks89a5.html]
[github.com/apexcharts/apexcharts.js/forks971f.html]
[github.com/apexcharts/apexcharts.js/forksfd2e.html]
[github.com/apexcharts/apexcharts.js/forksa443.html]
[github.com/apexcharts/apexcharts.js/forksb477.html]
[github.com/apexcharts/apexcharts.js/_/_esi/rails_csrf_token_form_hidden.b7b9231.delayed]
[github.com/apexcharts/apexcharts.js/forks8f35.html]
[github.com/apexcharts/apexcharts.js/forksce21.html]
[github.com/apexcharts/apexcharts.js/forks15e5.html]
[github.com/apexcharts/apexcharts.js/forks63b3.html]
[github.com/apexcharts/apexcharts.js/forks814f.html]
[github.com/apexcharts/apexcharts.js/forks436d.html]
[github.com/login876d.html]
[github.com/SielloRiatto/_/_esi/rails_csrf_token_form_hidden.b822b22.delayed]
[github.com/signupf2c4.html]
[github.com/login386a.html]
[github.com/SielloRiatto/apexcharts.js/blob/main/LICENSE.html]
[github.com/SielloRiatto/apexcharts.js/stargazers.html]
[github.com/SielloRiatto/apexcharts.js/forks.html]
[github.com/SielloRiatto/apexcharts.js/branches.html]
[github.com/SielloRiatto/apexcharts.js/tags.html]
[github.com/SielloRiatto/apexcharts.js/activity.html]
[github.com/SielloRiatto/apexcharts.js/pulls.html]
[github.com/SielloRiatto/apexcharts.js/actions.html]
[github.com/SielloRiatto/apexcharts.js/projects4494.html]
[github.com/SielloRiatto/apexcharts.js/security.html]
[github.com/SielloRiatto/apexcharts.js/security/overall-count.b90.delayed]
[github.com/SielloRiatto/apexcharts.js/pulse.html]
[github.com/SielloRiatto/apexcharts.js/spoofed_commit_check/e1a4400da3f22a187ccb4b55db279e0fe20a1519.html]
[github.com/SielloRiatto/apexcharts.js/tree/main/.html]
[github.com/SielloRiatto/apexcharts.js/commits/main/index.html]
[github.com/SielloRiatto/apexcharts.js/tree/main/-2.html]
[github.com/SielloRiatto/apexcharts.js/tree/main/build.html]
[github.com/SielloRiatto/apexcharts.js/tree/main/dist.html]
[github.com/SielloRiatto/apexcharts.js/tree/main/samples.html]
[github.com/SielloRiatto/apexcharts.js/tree/main/src.html]
[github.com/SielloRiatto/apexcharts.js/tree/main/tests.html]
[github.com/SielloRiatto/apexcharts.js/tree/main/types.html]
[github.com/SielloRiatto/apexcharts.js/blob/main/.codeclimate.html]
[github.com/SielloRiatto/apexcharts.js/blob/main/.html]
[github.com/SielloRiatto/apexcharts.js/blob/main/-2.html]
[github.com/SielloRiatto/apexcharts.js/blob/main/.eslintrc.html]
[github.com/SielloRiatto/apexcharts.js/blob/main/-3.html]
[github.com/SielloRiatto/apexcharts.js/blob/main/-4.html]
[github.com/SielloRiatto/apexcharts.js/blob/main/-5.html]
[github.com/SielloRiatto/apexcharts.js/blob/main/-6.html]
[github.com/SielloRiatto/apexcharts.js/blob/main/-7.html]
[github.com/SielloRiatto/apexcharts.js/blob/main/.prettierrc.html]
[github.com/SielloRiatto/apexcharts.js/blob/main/.travis.html]
[github.com/SielloRiatto/apexcharts.js/blob/main/CODE_OF_CONDUCT.html]
[github.com/SielloRiatto/apexcharts.js/blob/main/CONTRIBUTING.html]
[github.com/SielloRiatto/apexcharts.js/blob/main/PULL_REQUEST_TEMPLATE.html]
[github.com/SielloRiatto/apexcharts.js/blob/main/README.html]
[github.com/SielloRiatto/apexcharts.js/blob/main/babel.config.html]
[github.com/SielloRiatto/apexcharts.js/blob/main/jest.config.html]
[github.com/SielloRiatto/apexcharts.js/blob/main/db.html]
[github.com/SielloRiatto/apexcharts.js/blob/main/package.html]
[github.com/SielloRiatto/apexcharts.js/blob/main/webpack.config.html]
[github.com/SielloRiatto/apexcharts.js/blob/main/package-lock.html]
[github.com/SielloRiatto/_https_/cdn.jsdelivr.net/npm/apexcharts___/script__.bb2.delayed]
[github.com/SielloRiatto/apexcharts.js/blob/main/info@apexcharts.bb3.delayed]
[github.com/SielloRiatto/apexcharts.js/blob/main/yarn.html]
[github.com/SielloRiatto/apexcharts.js/watchers.html]
[github.com/SielloRiatto/apexcharts.js/releases.html]
[github.com/SielloRiatto/apexcharts.html]
[github.com/SielloRiatto683b.html]
[github.com/logindca4.html]
[github.com/last9/_/_esi/rails_csrf_token_form_hidden.bba3412.delayed]
[github.com/signup9ffc.html]
[github.com/login7488.html]
[github.com/last9/apexcharts.js/blob/master/LICENSE.html]
[github.com/last9/apexcharts.js/stargazers.html]
[github.com/last9/apexcharts.js/forks.html]
[github.com/last9/apexcharts.js/branches.html]
[github.com/last9/apexcharts.js/tags.html]
[github.com/last9/apexcharts.js/activity.html]
[github.com/last9/apexcharts.js/pulls.html]
[github.com/last9/apexcharts.js/actions.html]
[github.com/last9/apexcharts.js/projects4494.html]
[github.com/last9/apexcharts.js/security.html]
[github.com/last9/apexcharts.js/security/overall-count.bc8.delayed]
[github.com/last9/apexcharts.js/pulse.html]
[github.com/last9/apexcharts.js/spoofed_commit_check/1c4a765593e40e5564293ea49beb581d733e17e1.html]
[github.com/last9/apexcharts.js/commits/master/index.html]
[github.com/last9/apexcharts.js/tree/master/.html]
[github.com/last9/apexcharts.js/tree/master/-2.html]
[github.com/last9/apexcharts.js/tree/master/build.html]
[github.com/last9/apexcharts.js/tree/master/dist.html]
[github.com/last9/apexcharts.js/tree/master/samples.html]
[github.com/last9/apexcharts.js/tree/master/src.html]
[github.com/last9/apexcharts.js/tree/master/tests.html]
[github.com/last9/apexcharts.js/tree/master/types.html]
[github.com/last9/apexcharts.js/blob/master/.codeclimate.html]
[github.com/last9/apexcharts.js/blob/master/.html]
[github.com/last9/apexcharts.js/blob/master/-2.html]
[github.com/last9/apexcharts.js/blob/master/.eslintrc.html]
[github.com/last9/apexcharts.js/blob/master/-3.html]
[github.com/last9/apexcharts.js/blob/master/-4.html]
[github.com/last9/apexcharts.js/blob/master/-5.html]
[github.com/last9/apexcharts.js/blob/master/-6.html]
[github.com/last9/apexcharts.js/blob/master/-7.html]
[github.com/last9/apexcharts.js/blob/master/.prettierrc.html]
[github.com/last9/apexcharts.js/blob/master/.travis.html]
[github.com/last9/apexcharts.js/blob/master/CODE_OF_CONDUCT.html]
[github.com/last9/apexcharts.js/blob/master/CONTRIBUTING.html]
[github.com/last9/apexcharts.js/blob/master/PULL_REQUEST_TEMPLATE.html]
[github.com/last9/apexcharts.js/blob/master/README.html]
[github.com/last9/apexcharts.js/blob/master/db.html]
[github.com/last9/apexcharts.js/blob/master/babel.config.html]
[github.com/last9/apexcharts.js/blob/master/jest.config.html]
[github.com/last9/apexcharts.js/blob/master/package.html]
[github.com/last9/apexcharts.js/blob/master/package-lock.html]
[github.com/last9/apexcharts.js/blob/master/webpack.config.html]
[github.com/last9/apexcharts.js/blob/master/yarn.html]
[github.com/last9/_https_/cdn.jsdelivr.net/npm/apexcharts___/script__.bea.delayed]
[github.com/last9/apexcharts.js/blob/master/info@apexcharts.beb.delayed]
[github.com/last9/apexcharts.js/custom-properties.html]
[github.com/last9/apexcharts.js/watchers.html]
[github.com/last9/apexcharts.js/releases.html]
[github.com/last9/apexcharts.html]
[github.com/orgs/last9/packages6cf0.html]
[github.com/login9ba4.html]
[github.com/brbog/_/_esi/rails_csrf_token_form_hidden.bf271c5.delayed]
[github.com/signupd4ae.html]
[github.com/loginb72d.html]
[github.com/brbog/apexcharts.js/blob/main/LICENSE.html]
[github.com/brbog/apexcharts.js/stargazers.html]
[github.com/brbog/apexcharts.js/forks.html]
[github.com/brbog/apexcharts.js/branches.html]
[github.com/brbog/apexcharts.js/tags.html]
[github.com/brbog/apexcharts.js/activity.html]
[github.com/brbog/apexcharts.js/pulls.html]
[github.com/brbog/apexcharts.js/actions.html]
[github.com/brbog/apexcharts.js/projects4494.html]
[github.com/brbog/apexcharts.js/security.html]
[github.com/brbog/apexcharts.js/security/overall-count.c00.delayed]
[github.com/brbog/apexcharts.js/pulse.html]
[github.com/brbog/apexcharts.js/spoofed_commit_check/ae50d4b9669b4c2740229731db0307f69fe42adc.html]
[github.com/brbog/apexcharts.js/tree/main/.html]
[github.com/brbog/apexcharts.js/commits/main/index.html]
[github.com/brbog/apexcharts.js/tree/main/-2.html]
[github.com/brbog/apexcharts.js/tree/main/build.html]
[github.com/brbog/apexcharts.js/tree/main/dist.html]
[github.com/brbog/apexcharts.js/tree/main/samples.html]
[github.com/brbog/apexcharts.js/tree/main/tests.html]
[github.com/brbog/apexcharts.js/tree/main/src.html]
[github.com/brbog/apexcharts.js/tree/main/types.html]
[github.com/brbog/apexcharts.js/blob/main/.codeclimate.html]
[github.com/brbog/apexcharts.js/blob/main/.html]
[github.com/brbog/apexcharts.js/blob/main/-2.html]
[github.com/brbog/apexcharts.js/blob/main/.eslintrc.html]
[github.com/brbog/apexcharts.js/blob/main/-3.html]
[github.com/brbog/apexcharts.js/blob/main/-4.html]
[github.com/brbog/apexcharts.js/blob/main/-5.html]
[github.com/brbog/apexcharts.js/blob/main/-6.html]
[github.com/brbog/apexcharts.js/blob/main/-7.html]
[github.com/brbog/apexcharts.js/blob/main/.prettierrc.html]
[github.com/brbog/apexcharts.js/blob/main/.travis.html]
[github.com/brbog/apexcharts.js/blob/main/CODE_OF_CONDUCT.html]
[github.com/brbog/apexcharts.js/blob/main/CONTRIBUTING.html]
[github.com/brbog/apexcharts.js/blob/main/PULL_REQUEST_TEMPLATE.html]
[github.com/brbog/apexcharts.js/blob/main/README.html]
[github.com/brbog/apexcharts.js/blob/main/babel.config.html]
[github.com/brbog/apexcharts.js/blob/main/jest.config.html]
[github.com/brbog/apexcharts.js/blob/main/db.html]
[github.com/brbog/apexcharts.js/blob/main/package.html]
[github.com/brbog/apexcharts.js/blob/main/package-lock.html]
[github.com/brbog/apexcharts.js/blob/main/webpack.config.html]
[github.com/brbog/apexcharts.js/blob/main/yarn.html]
[github.com/brbog/_https_/cdn.jsdelivr.net/npm/apexcharts___/script__.c22.delayed]
[github.com/brbog/apexcharts.js/blob/main/info@apexcharts.c23.delayed]
[github.com/brbog/apexcharts.js/watchers.html]
[github.com/brbog/apexcharts.js/releases.html]
[github.com/brbog/apexcharts.html]
[github.com/brbog683b.html]
[github.com/logince0a.html]
[github.com/forkon-gmbh/_/_esi/rails_csrf_token_form_hidden.c2a5640.delayed]
[github.com/signuped88.html]
[github.com/logincfbd.html]
[github.com/forkon-gmbh/apexcharts.js/blob/main/LICENSE.html]
[github.com/forkon-gmbh/apexcharts.js/stargazers.html]
[github.com/forkon-gmbh/apexcharts.js/forks.html]
[github.com/forkon-gmbh/apexcharts.js/branches.html]
[github.com/forkon-gmbh/apexcharts.js/tags.html]
[github.com/forkon-gmbh/apexcharts.js/activity.html]
[github.com/forkon-gmbh/apexcharts.js/pulls.html]
[github.com/forkon-gmbh/apexcharts.js/actions.html]
[github.com/forkon-gmbh/apexcharts.js/projects4494.html]
[github.com/forkon-gmbh/apexcharts.js/security.html]
[github.com/forkon-gmbh/apexcharts.js/security/overall-count.c38.delayed]
[github.com/forkon-gmbh/apexcharts.js/pulse.html]
[github.com/forkon-gmbh/apexcharts.js/spoofed_commit_check/5d544caaf2c0dbd32da4ee670c3294f2bfbf26f2.html]
[github.com/forkon-gmbh/apexcharts.js/tree/main/.html]
[github.com/forkon-gmbh/apexcharts.js/commits/main/index.html]
[github.com/forkon-gmbh/apexcharts.js/tree/main/-2.html]
[github.com/forkon-gmbh/apexcharts.js/tree/main/build.html]
[github.com/forkon-gmbh/apexcharts.js/tree/main/dist.html]
[github.com/forkon-gmbh/apexcharts.js/tree/main/samples.html]
[github.com/forkon-gmbh/apexcharts.js/tree/main/src.html]
[github.com/forkon-gmbh/apexcharts.js/tree/main/tests.html]
[github.com/forkon-gmbh/apexcharts.js/tree/main/types.html]
[github.com/forkon-gmbh/apexcharts.js/blob/main/.codeclimate.html]
[github.com/forkon-gmbh/apexcharts.js/blob/main/.html]
[github.com/forkon-gmbh/apexcharts.js/blob/main/-2.html]
[github.com/forkon-gmbh/apexcharts.js/blob/main/.eslintrc.html]
[github.com/forkon-gmbh/apexcharts.js/blob/main/-3.html]
[github.com/forkon-gmbh/apexcharts.js/blob/main/-4.html]
[github.com/forkon-gmbh/apexcharts.js/blob/main/-5.html]
[github.com/forkon-gmbh/apexcharts.js/blob/main/-6.html]
[github.com/forkon-gmbh/apexcharts.js/blob/main/-7.html]
[github.com/forkon-gmbh/apexcharts.js/blob/main/.prettierrc.html]
[github.com/forkon-gmbh/apexcharts.js/blob/main/.travis.html]
[github.com/forkon-gmbh/apexcharts.js/blob/main/CODE_OF_CONDUCT.html]
[github.com/forkon-gmbh/apexcharts.js/blob/main/CONTRIBUTING.html]
[github.com/forkon-gmbh/apexcharts.js/blob/main/PULL_REQUEST_TEMPLATE.html]
[github.com/forkon-gmbh/apexcharts.js/blob/main/README.html]
[github.com/forkon-gmbh/apexcharts.js/blob/main/babel.config.html]
[github.com/forkon-gmbh/apexcharts.js/blob/main/db.html]
[github.com/forkon-gmbh/apexcharts.js/blob/main/jest.config.html]
[github.com/forkon-gmbh/apexcharts.js/blob/main/package-lock.html]
[github.com/forkon-gmbh/apexcharts.js/blob/main/package.html]
[github.com/forkon-gmbh/apexcharts.js/blob/main/webpack.config.html]
[github.com/forkon-gmbh/apexcharts.js/blob/main/yarn.html]
[github.com/forkon-gmbh/_https_/cdn.jsdelivr.net/npm/apexcharts___/script__.c5a.delayed]
[github.com/forkon-gmbh/apexcharts.js/blob/main/info@apexcharts.c5b.delayed]
[github.com/forkon-gmbh/apexcharts.js/custom-properties.html]
[github.com/forkon-gmbh/apexcharts.js/watchers.html]
[github.com/forkon-gmbh/apexcharts.js/releases.html]
[github.com/forkon-gmbh/apexcharts.html]
[github.com/orgs/forkon-gmbh/packages6cf0.html]
[github.com/loginf88c.html]
[github.com/horizonvert1027/_/_esi/rails_csrf_token_form_hidden.c62f9d6.delayed]
[github.com/signupfc75.html]
[github.com/loginfd1b.html]
[github.com/horizonvert1027/apexcharts.js/blob/main/LICENSE.html]
[github.com/horizonvert1027/apexcharts.js/stargazers.html]
[github.com/horizonvert1027/apexcharts.js/forks.html]
[github.com/horizonvert1027/apexcharts.js/branches.html]
[github.com/horizonvert1027/apexcharts.js/tags.html]
[github.com/horizonvert1027/apexcharts.js/activity.html]
[github.com/horizonvert1027/apexcharts.js/pulls.html]
[github.com/horizonvert1027/apexcharts.js/actions.html]
[github.com/horizonvert1027/apexcharts.js/projects4494.html]
[github.com/horizonvert1027/apexcharts.js/security.html]
[github.com/horizonvert1027/apexcharts.js/security/overall-count.c70.delayed]
[github.com/horizonvert1027/apexcharts.js/pulse.html]
[github.com/horizonvert1027/apexcharts.js/spoofed_commit_check/350345d5e9554431be8bd041f923941c826e5252.html]
[github.com/horizonvert1027/apexcharts.js/tree/main/.html]
[github.com/horizonvert1027/apexcharts.js/commits/main/index.html]
[github.com/horizonvert1027/apexcharts.js/tree/main/-2.html]
[github.com/horizonvert1027/apexcharts.js/tree/main/build.html]
[github.com/horizonvert1027/apexcharts.js/tree/main/dist.html]
[github.com/horizonvert1027/apexcharts.js/tree/main/samples.html]
[github.com/horizonvert1027/apexcharts.js/tree/main/src.html]
[github.com/horizonvert1027/apexcharts.js/tree/main/tests.html]
[github.com/horizonvert1027/apexcharts.js/tree/main/types.html]
[github.com/horizonvert1027/apexcharts.js/blob/main/.codeclimate.html]
[github.com/horizonvert1027/apexcharts.js/blob/main/.html]
[github.com/horizonvert1027/apexcharts.js/blob/main/-2.html]
[github.com/horizonvert1027/apexcharts.js/blob/main/.eslintrc.html]
[github.com/horizonvert1027/apexcharts.js/blob/main/-3.html]
[github.com/horizonvert1027/apexcharts.js/blob/main/-4.html]
[github.com/horizonvert1027/apexcharts.js/blob/main/-5.html]
[github.com/horizonvert1027/apexcharts.js/blob/main/-6.html]
[github.com/horizonvert1027/apexcharts.js/blob/main/-7.html]
[github.com/horizonvert1027/apexcharts.js/blob/main/.prettierrc.html]
[github.com/horizonvert1027/apexcharts.js/blob/main/.travis.html]
[github.com/horizonvert1027/apexcharts.js/blob/main/CODE_OF_CONDUCT.html]
[github.com/horizonvert1027/apexcharts.js/blob/main/CONTRIBUTING.html]
[github.com/horizonvert1027/apexcharts.js/blob/main/PULL_REQUEST_TEMPLATE.html]
[github.com/horizonvert1027/apexcharts.js/blob/main/README.html]
[github.com/horizonvert1027/apexcharts.js/blob/main/babel.config.html]
[github.com/horizonvert1027/apexcharts.js/blob/main/db.html]
[github.com/horizonvert1027/apexcharts.js/blob/main/jest.config.html]
[github.com/horizonvert1027/apexcharts.js/blob/main/package-lock.html]
[github.com/horizonvert1027/apexcharts.js/blob/main/package.html]
[github.com/horizonvert1027/apexcharts.js/blob/main/webpack.config.html]
[github.com/horizonvert1027/apexcharts.js/blob/main/yarn.html]
[github.com/horizonvert1027/_https_/cdn.jsdelivr.net/npm/apexcharts___/script__.c92.delayed]
[github.com/horizonvert1027/apexcharts.js/blob/main/info@apexcharts.c93.delayed]
[github.com/horizonvert1027/apexcharts.js/watchers.html]
[github.com/horizonvert1027/apexcharts.js/releases.html]
[github.com/horizonvert1027/apexcharts.html]
[github.com/horizonvert1027683b.html]
[github.com/login98b0.html]
[github.com/JulienMalcouronne/_/_esi/rails_csrf_token_form_hidden.c9a7fff.delayed]
[github.com/signup0ebf.html]
[github.com/login814b.html]
[github.com/JulienMalcouronne/apexcharts.js/blob/main/LICENSE.html]
[github.com/JulienMalcouronne/apexcharts.js/stargazers.html]
[github.com/JulienMalcouronne/apexcharts.js/forks.html]
[github.com/JulienMalcouronne/apexcharts.js/branches.html]
[github.com/JulienMalcouronne/apexcharts.js/tags.html]
[github.com/JulienMalcouronne/apexcharts.js/activity.html]
[github.com/JulienMalcouronne/apexcharts.js/pulls.html]
[github.com/JulienMalcouronne/apexcharts.js/actions.html]
[github.com/JulienMalcouronne/apexcharts.js/projects4494.html]
[github.com/JulienMalcouronne/apexcharts.js/security.html]
[github.com/JulienMalcouronne/apexcharts.js/security/overall-count.ca8.delayed]
[github.com/JulienMalcouronne/apexcharts.js/pulse.html]
[github.com/JulienMalcouronne/apexcharts.js/spoofed_commit_check/3265056538f5c5cd03c04ee37d69577c11b58d4d.html]
[github.com/JulienMalcouronne/apexcharts.js/tree/main/.html]
[github.com/JulienMalcouronne/apexcharts.js/commits/main/index.html]
[github.com/JulienMalcouronne/apexcharts.js/tree/main/-2.html]
[github.com/JulienMalcouronne/apexcharts.js/tree/main/build.html]
[github.com/JulienMalcouronne/apexcharts.js/tree/main/dist.html]
[github.com/JulienMalcouronne/apexcharts.js/tree/main/samples.html]
[github.com/JulienMalcouronne/apexcharts.js/tree/main/src.html]
[github.com/JulienMalcouronne/apexcharts.js/tree/main/tests.html]
[github.com/JulienMalcouronne/apexcharts.js/tree/main/types.html]
[github.com/JulienMalcouronne/apexcharts.js/blob/main/.codeclimate.html]
[github.com/JulienMalcouronne/apexcharts.js/blob/main/.html]
[github.com/JulienMalcouronne/apexcharts.js/blob/main/-2.html]
[github.com/JulienMalcouronne/apexcharts.js/blob/main/.eslintrc.html]
[github.com/JulienMalcouronne/apexcharts.js/blob/main/-3.html]
[github.com/JulienMalcouronne/apexcharts.js/blob/main/-4.html]
[github.com/JulienMalcouronne/apexcharts.js/blob/main/-5.html]
[github.com/JulienMalcouronne/apexcharts.js/blob/main/-6.html]
[github.com/JulienMalcouronne/apexcharts.js/blob/main/-7.html]
[github.com/JulienMalcouronne/apexcharts.js/blob/main/.prettierrc.html]
[github.com/JulienMalcouronne/apexcharts.js/blob/main/.travis.html]
[github.com/JulienMalcouronne/apexcharts.js/blob/main/CODE_OF_CONDUCT.html]
[github.com/JulienMalcouronne/apexcharts.js/blob/main/CONTRIBUTING.html]
[github.com/JulienMalcouronne/apexcharts.js/blob/main/PULL_REQUEST_TEMPLATE.html]
[github.com/JulienMalcouronne/apexcharts.js/blob/main/README.html]
[github.com/JulienMalcouronne/apexcharts.js/blob/main/babel.config.html]
[github.com/JulienMalcouronne/apexcharts.js/blob/main/db.html]
[github.com/JulienMalcouronne/apexcharts.js/blob/main/jest.config.html]
[github.com/JulienMalcouronne/apexcharts.js/blob/main/package-lock.html]
[github.com/JulienMalcouronne/apexcharts.js/blob/main/package.html]
[github.com/JulienMalcouronne/apexcharts.js/blob/main/webpack.config.html]
[github.com/JulienMalcouronne/apexcharts.js/blob/main/yarn.html]
[github.com/JulienMalcouronne/_https_/cdn.jsdelivr.net/npm/apexcharts___/script__.cca.delayed]
[github.com/JulienMalcouronne/apexcharts.js/blob/main/info@apexcharts.ccb.delayed]
[github.com/JulienMalcouronne/apexcharts.js/watchers.html]
[github.com/JulienMalcouronne/apexcharts.js/releases.html]
[github.com/JulienMalcouronne/apexcharts.html]
[github.com/JulienMalcouronne683b.html]
[github.com/logina75a.html]
[github.com/mygpse/_/_esi/rails_csrf_token_form_hidden.cd2b02e.delayed]
[github.com/signup16d6.html]
[github.com/loginc108.html]
[github.com/mygpse/apexcharts.js/blob/main/LICENSE.html]
[github.com/mygpse/apexcharts.js/stargazers.html]
[github.com/mygpse/apexcharts.js/forks.html]
[github.com/mygpse/apexcharts.js/branches.html]
[github.com/mygpse/apexcharts.js/tags.html]
[github.com/mygpse/apexcharts.js/activity.html]
[github.com/mygpse/apexcharts.js/pulls.html]
[github.com/mygpse/apexcharts.js/actions.html]
[github.com/mygpse/apexcharts.js/projects4494.html]
[github.com/mygpse/apexcharts.js/security.html]
[github.com/mygpse/apexcharts.js/security/overall-count.ce0.delayed]
[github.com/mygpse/apexcharts.js/pulse.html]
[github.com/mygpse/apexcharts.js/spoofed_commit_check/050546ef20880bcff5afce102f8c3abcd445e99f.html]
[github.com/mygpse/apexcharts.js/tree/main/.html]
[github.com/mygpse/apexcharts.js/commits/main/index.html]
[github.com/mygpse/apexcharts.js/tree/main/-2.html]
[github.com/mygpse/apexcharts.js/tree/main/build.html]
[github.com/mygpse/apexcharts.js/tree/main/dist.html]
[github.com/mygpse/apexcharts.js/tree/main/samples.html]
[github.com/mygpse/apexcharts.js/tree/main/src.html]
[github.com/mygpse/apexcharts.js/tree/main/tests.html]
[github.com/mygpse/apexcharts.js/tree/main/types.html]
[github.com/mygpse/apexcharts.js/blob/main/.codeclimate.html]
[github.com/mygpse/apexcharts.js/blob/main/.html]
[github.com/mygpse/apexcharts.js/blob/main/-2.html]
[github.com/mygpse/apexcharts.js/blob/main/.eslintrc.html]
[github.com/mygpse/apexcharts.js/blob/main/-3.html]
[github.com/mygpse/apexcharts.js/blob/main/-4.html]
[github.com/mygpse/apexcharts.js/blob/main/-5.html]
[github.com/mygpse/apexcharts.js/blob/main/-6.html]
[github.com/mygpse/apexcharts.js/blob/main/-7.html]
[github.com/mygpse/apexcharts.js/blob/main/.prettierrc.html]
[github.com/mygpse/apexcharts.js/blob/main/.travis.html]
[github.com/mygpse/apexcharts.js/blob/main/CODE_OF_CONDUCT.html]
[github.com/mygpse/apexcharts.js/blob/main/CONTRIBUTING.html]
[github.com/mygpse/apexcharts.js/blob/main/PULL_REQUEST_TEMPLATE.html]
[github.com/mygpse/apexcharts.js/blob/main/README.html]
[github.com/mygpse/apexcharts.js/blob/main/babel.config.html]
[github.com/mygpse/apexcharts.js/blob/main/db.html]
[github.com/mygpse/apexcharts.js/blob/main/jest.config.html]
[github.com/mygpse/apexcharts.js/blob/main/package-lock.html]
[github.com/mygpse/apexcharts.js/blob/main/package.html]
[github.com/mygpse/apexcharts.js/blob/main/webpack.config.html]
[github.com/mygpse/apexcharts.js/blob/main/yarn.html]
[github.com/mygpse/_https_/cdn.jsdelivr.net/npm/apexcharts___/script__.d02.delayed]
[github.com/mygpse/apexcharts.js/blob/main/info@apexcharts.d03.delayed]
[github.com/mygpse/apexcharts.js/watchers.html]
[github.com/mygpse/apexcharts.js/releases.html]
[github.com/mygpse/apexcharts.html]
[github.com/mygpse683b.html]
[github.com/login48a2.html]
[github.com/nagyist/_/_esi/rails_csrf_token_form_hidden.d0a2078.delayed]
[github.com/signup9198.html]
[github.com/login9955.html]
[github.com/nagyist/apexcharts.js/blob/main/LICENSE.html]
[github.com/nagyist/apexcharts.js/stargazers.html]
[github.com/nagyist/apexcharts.js/forks.html]
[github.com/nagyist/apexcharts.js/branches.html]
[github.com/nagyist/apexcharts.js/tags.html]
[github.com/nagyist/apexcharts.js/activity.html]
[github.com/nagyist/apexcharts.js/pulls.html]
[github.com/nagyist/apexcharts.js/actions.html]
[github.com/nagyist/apexcharts.js/projects4494.html]
[github.com/nagyist/apexcharts.js/security.html]
[github.com/nagyist/apexcharts.js/security/overall-count.d18.delayed]
[github.com/nagyist/apexcharts.js/pulse.html]
[github.com/nagyist/apexcharts.js/spoofed_commit_check/9190caa9e37b7ae5d5a331da8cf2e4cae89f41f3.html]
[github.com/nagyist/apexcharts.js/tree/main/.html]
[github.com/nagyist/apexcharts.js/commits/main/index.html]
[github.com/nagyist/apexcharts.js/tree/main/-2.html]
[github.com/nagyist/apexcharts.js/tree/main/build.html]
[github.com/nagyist/apexcharts.js/tree/main/dist.html]
[github.com/nagyist/apexcharts.js/tree/main/nbproject.html]
[github.com/nagyist/apexcharts.js/tree/main/samples.html]
[github.com/nagyist/apexcharts.js/tree/main/src.html]
[github.com/nagyist/apexcharts.js/tree/main/tests.html]
[github.com/nagyist/apexcharts.js/tree/main/types.html]
[github.com/nagyist/apexcharts.js/blob/main/.codeclimate.html]
[github.com/nagyist/apexcharts.js/blob/main/.html]
[github.com/nagyist/apexcharts.js/blob/main/-2.html]
[github.com/nagyist/apexcharts.js/blob/main/.eslintrc.html]
[github.com/nagyist/apexcharts.js/blob/main/-3.html]
[github.com/nagyist/apexcharts.js/blob/main/-4.html]
[github.com/nagyist/apexcharts.js/blob/main/-5.html]
[github.com/nagyist/apexcharts.js/blob/main/-6.html]
[github.com/nagyist/apexcharts.js/blob/main/-7.html]
[github.com/nagyist/apexcharts.js/blob/main/.prettierrc.html]
[github.com/nagyist/apexcharts.js/blob/main/.travis.html]
[github.com/nagyist/apexcharts.js/blob/main/CODE_OF_CONDUCT.html]
[github.com/nagyist/apexcharts.js/blob/main/CONTRIBUTING.html]
[github.com/nagyist/apexcharts.js/blob/main/PULL_REQUEST_TEMPLATE.html]
[github.com/nagyist/apexcharts.js/blob/main/README.html]
[github.com/nagyist/apexcharts.js/blob/main/babel.config.html]
[github.com/nagyist/apexcharts.js/blob/main/db.html]
[github.com/nagyist/apexcharts.js/blob/main/jest.config.html]
[github.com/nagyist/apexcharts.js/blob/main/package-lock.html]
[github.com/nagyist/apexcharts.js/blob/main/package.html]
[github.com/nagyist/apexcharts.js/blob/main/webpack.config.html]
[github.com/nagyist/apexcharts.js/blob/main/yarn.html]
[github.com/nagyist/_https_/cdn.jsdelivr.net/npm/apexcharts___/script__.d3b.delayed]
[github.com/nagyist/apexcharts.js/blob/main/info@apexcharts.d3c.delayed]
[github.com/nagyist/apexcharts.js/watchers.html]
[github.com/nagyist/apexcharts.js/releases.html]
[github.com/nagyist/apexcharts.html]
[github.com/nagyist683b.html]
[github.com/login5c4c.html]
[github.com/neonkore/_/_esi/rails_csrf_token_form_hidden.d432750.delayed]
[github.com/signup6fdd.html]
[github.com/login6812.html]
[github.com/neonkore/apexcharts.js/blob/main/LICENSE.html]
[github.com/neonkore/apexcharts.js/stargazers.html]
[github.com/neonkore/apexcharts.js/forks.html]
[github.com/neonkore/apexcharts.js/branches.html]
[github.com/neonkore/apexcharts.js/tags.html]
[github.com/neonkore/apexcharts.js/activity.html]
[github.com/neonkore/apexcharts.js/pulls.html]
[github.com/neonkore/apexcharts.js/actions.html]
[github.com/neonkore/apexcharts.js/projects4494.html]
[github.com/neonkore/apexcharts.js/security.html]
[github.com/neonkore/apexcharts.js/security/overall-count.d51.delayed]
[github.com/neonkore/apexcharts.js/pulse.html]
[github.com/neonkore/apexcharts.js/spoofed_commit_check/0b0d270ca044225115d263fa9011ff65369eed6c.html]
[github.com/neonkore/apexcharts.js/tree/main/.html]
[github.com/neonkore/apexcharts.js/commits/main/index.html]
[github.com/neonkore/apexcharts.js/tree/main/-2.html]
[github.com/neonkore/apexcharts.js/tree/main/build.html]
[github.com/neonkore/apexcharts.js/tree/main/dist.html]
[github.com/neonkore/apexcharts.js/tree/main/nbproject.html]
[github.com/neonkore/apexcharts.js/tree/main/samples.html]
[github.com/neonkore/apexcharts.js/tree/main/src.html]
[github.com/neonkore/apexcharts.js/tree/main/tests.html]
[github.com/neonkore/apexcharts.js/tree/main/types.html]
[github.com/neonkore/apexcharts.js/blob/main/.codeclimate.html]
[github.com/neonkore/apexcharts.js/blob/main/.html]
[github.com/neonkore/apexcharts.js/blob/main/-2.html]
[github.com/neonkore/apexcharts.js/blob/main/.eslintrc.html]
[github.com/neonkore/apexcharts.js/blob/main/-3.html]
[github.com/neonkore/apexcharts.js/blob/main/-4.html]
[github.com/neonkore/apexcharts.js/blob/main/-5.html]
[github.com/neonkore/apexcharts.js/blob/main/-6.html]
[github.com/neonkore/apexcharts.js/blob/main/-7.html]
[github.com/neonkore/apexcharts.js/blob/main/.prettierrc.html]
[github.com/neonkore/apexcharts.js/blob/main/.travis.html]
[github.com/neonkore/apexcharts.js/blob/main/CODE_OF_CONDUCT.html]
[github.com/neonkore/apexcharts.js/blob/main/CONTRIBUTING.html]
[github.com/neonkore/apexcharts.js/blob/main/PULL_REQUEST_TEMPLATE.html]
[github.com/neonkore/apexcharts.js/blob/main/README.html]
[github.com/neonkore/apexcharts.js/blob/main/babel.config.html]
[github.com/neonkore/apexcharts.js/blob/main/db.html]
[github.com/neonkore/apexcharts.js/blob/main/jest.config.html]
[github.com/neonkore/apexcharts.js/blob/main/package-lock.html]
[github.com/neonkore/apexcharts.js/blob/main/package.html]
[github.com/neonkore/apexcharts.js/blob/main/webpack.config.html]
[github.com/neonkore/apexcharts.js/blob/main/yarn.html]
[github.com/neonkore/_https_/cdn.jsdelivr.net/npm/apexcharts___/script__.d74.delayed]
[github.com/neonkore/apexcharts.js/blob/main/info@apexcharts.d75.delayed]
[github.com/neonkore/apexcharts.js/watchers.html]
[github.com/neonkore/apexcharts.js/releases.html]
[github.com/neonkore/apexcharts.html]
[github.com/neonkore683b.html]
[github.com/login05c8.html]
[github.com/nikkorn/_/_esi/rails_csrf_token_form_hidden.d7cecce.delayed]
[github.com/signup5283.html]
[github.com/login82fb.html]
[github.com/nikkorn/apexcharts.js/blob/main/LICENSE.html]
[github.com/nikkorn/apexcharts.js/stargazers.html]
[github.com/nikkorn/apexcharts.js/forks.html]
[github.com/nikkorn/apexcharts.js/branches.html]
[github.com/nikkorn/apexcharts.js/tags.html]
[github.com/nikkorn/apexcharts.js/activity.html]
[github.com/nikkorn/apexcharts.js/pulls.html]
[github.com/nikkorn/apexcharts.js/actions.html]
[github.com/nikkorn/apexcharts.js/projects4494.html]
[github.com/nikkorn/apexcharts.js/security.html]
[github.com/nikkorn/apexcharts.js/security/overall-count.d8a.delayed]
[github.com/nikkorn/apexcharts.js/pulse.html]
[github.com/nikkorn/apexcharts.js/spoofed_commit_check/7a7f6cc1bc389c3f568fd9c47d4e9d194898f5cd.html]
[github.com/nikkorn/apexcharts.js/tree/main/.html]
[github.com/nikkorn/apexcharts.js/commits/main/index.html]
[github.com/nikkorn/apexcharts.js/tree/main/-2.html]
[github.com/nikkorn/apexcharts.js/tree/main/build.html]
[github.com/nikkorn/apexcharts.js/tree/main/dist.html]
[github.com/nikkorn/apexcharts.js/tree/main/samples.html]
[github.com/nikkorn/apexcharts.js/tree/main/src.html]
[github.com/nikkorn/apexcharts.js/tree/main/tests.html]
[github.com/nikkorn/apexcharts.js/tree/main/types.html]
[github.com/nikkorn/apexcharts.js/blob/main/.codeclimate.html]
[github.com/nikkorn/apexcharts.js/blob/main/.html]
[github.com/nikkorn/apexcharts.js/blob/main/-2.html]
[github.com/nikkorn/apexcharts.js/blob/main/.eslintrc.html]
[github.com/nikkorn/apexcharts.js/blob/main/-3.html]
[github.com/nikkorn/apexcharts.js/blob/main/-4.html]
[github.com/nikkorn/apexcharts.js/blob/main/-5.html]
[github.com/nikkorn/apexcharts.js/blob/main/-6.html]
[github.com/nikkorn/apexcharts.js/blob/main/-7.html]
[github.com/nikkorn/apexcharts.js/blob/main/.prettierrc.html]
[github.com/nikkorn/apexcharts.js/blob/main/.travis.html]
[github.com/nikkorn/apexcharts.js/blob/main/CODE_OF_CONDUCT.html]
[github.com/nikkorn/apexcharts.js/blob/main/CONTRIBUTING.html]
[github.com/nikkorn/apexcharts.js/blob/main/PULL_REQUEST_TEMPLATE.html]
[github.com/nikkorn/apexcharts.js/blob/main/README.html]
[github.com/nikkorn/apexcharts.js/blob/main/babel.config.html]
[github.com/nikkorn/apexcharts.js/blob/main/db.html]
[github.com/nikkorn/apexcharts.js/blob/main/jest.config.html]
[github.com/nikkorn/apexcharts.js/blob/main/package-lock.html]
[github.com/nikkorn/apexcharts.js/blob/main/package.html]
[github.com/nikkorn/apexcharts.js/blob/main/webpack.config.html]
[github.com/nikkorn/apexcharts.js/blob/main/yarn.html]
[github.com/nikkorn/_https_/cdn.jsdelivr.net/npm/apexcharts___/script__.dac.delayed]
[github.com/nikkorn/apexcharts.js/blob/main/info@apexcharts.dad.delayed]
[github.com/nikkorn/apexcharts.js/watchers.html]
[github.com/nikkorn/apexcharts.js/releases.html]
[github.com/nikkorn/apexcharts.html]
[github.com/nikkorn683b.html]
[github.com/login9565.html]
[github.com/nocey/_/_esi/rails_csrf_token_form_hidden.db409cc.delayed]
[github.com/signup8bf0.html]
[github.com/loginb486.html]
[github.com/nocey/apexcharts.js/blob/main/LICENSE.html]
[github.com/nocey/apexcharts.js/stargazers.html]
[github.com/nocey/apexcharts.js/forks.html]
[github.com/nocey/apexcharts.js/branches.html]
[github.com/nocey/apexcharts.js/tags.html]
[github.com/nocey/apexcharts.js/activity.html]
[github.com/nocey/apexcharts.js/pulls.html]
[github.com/nocey/apexcharts.js/actions.html]
[github.com/nocey/apexcharts.js/projects4494.html]
[github.com/nocey/apexcharts.js/security.html]
[github.com/nocey/apexcharts.js/security/overall-count.dc2.delayed]
[github.com/nocey/apexcharts.js/spoofed_commit_check/433c3f7c3e7b85166b984545f91445669878e44e.html]
[github.com/nocey/apexcharts.js/tree/main/.html]
[github.com/nocey/apexcharts.js/commits/main/index.html]
[github.com/nocey/apexcharts.js/tree/main/-2.html]
[github.com/nocey/apexcharts.js/pulse.html]
[github.com/nocey/apexcharts.js/tree/main/build.html]
[github.com/nocey/apexcharts.js/tree/main/dist.html]
[github.com/nocey/apexcharts.js/tree/main/samples.html]
[github.com/nocey/apexcharts.js/tree/main/src.html]
[github.com/nocey/apexcharts.js/tree/main/tests.html]
[github.com/nocey/apexcharts.js/tree/main/types.html]
[github.com/nocey/apexcharts.js/blob/main/.codeclimate.html]
[github.com/nocey/apexcharts.js/blob/main/.html]
[github.com/nocey/apexcharts.js/blob/main/-2.html]
[github.com/nocey/apexcharts.js/blob/main/.eslintrc.html]
[github.com/nocey/apexcharts.js/blob/main/-3.html]
[github.com/nocey/apexcharts.js/blob/main/-4.html]
[github.com/nocey/apexcharts.js/blob/main/-5.html]
[github.com/nocey/apexcharts.js/blob/main/-6.html]
[github.com/nocey/apexcharts.js/blob/main/-7.html]
[github.com/nocey/apexcharts.js/blob/main/.prettierrc.html]
[github.com/nocey/apexcharts.js/blob/main/.travis.html]
[github.com/nocey/apexcharts.js/blob/main/CODE_OF_CONDUCT.html]
[github.com/nocey/apexcharts.js/blob/main/CONTRIBUTING.html]
[github.com/nocey/apexcharts.js/blob/main/PULL_REQUEST_TEMPLATE.html]
[github.com/nocey/apexcharts.js/blob/main/README.html]
[github.com/nocey/apexcharts.js/blob/main/babel.config.html]
[github.com/nocey/apexcharts.js/blob/main/db.html]
[github.com/nocey/apexcharts.js/blob/main/jest.config.html]
[github.com/nocey/apexcharts.js/blob/main/package-lock.html]
[github.com/nocey/apexcharts.js/blob/main/package.html]
[github.com/nocey/apexcharts.js/blob/main/webpack.config.html]
[github.com/nocey/apexcharts.js/blob/main/yarn.html]
[github.com/nocey/_https_/cdn.jsdelivr.net/npm/apexcharts___/script__.de4.delayed]
[github.com/nocey/apexcharts.js/blob/main/info@apexcharts.de5.delayed]
[github.com/nocey/apexcharts.js/watchers.html]
[github.com/nocey/apexcharts.js/releases.html]
[github.com/nocey/apexcharts.html]
[github.com/nocey683b.html]
[github.com/logind304.html]
[github.com/NoPayneNoGame/_/_esi/rails_csrf_token_form_hidden.dec6182.delayed]
[github.com/signupf714.html]
[github.com/login5575.html]
[github.com/NoPayneNoGame/apexcharts.js/blob/main/LICENSE.html]
[github.com/NoPayneNoGame/apexcharts.js/stargazers.html]
[github.com/NoPayneNoGame/apexcharts.js/forks.html]
[github.com/NoPayneNoGame/apexcharts.js/branches.html]
[github.com/NoPayneNoGame/apexcharts.js/tags.html]
[github.com/NoPayneNoGame/apexcharts.js/activity.html]
[github.com/NoPayneNoGame/apexcharts.js/pulls.html]
[github.com/NoPayneNoGame/apexcharts.js/actions.html]
[github.com/NoPayneNoGame/apexcharts.js/projects4494.html]
[github.com/NoPayneNoGame/apexcharts.js/security.html]
[github.com/NoPayneNoGame/apexcharts.js/security/overall-count.dfa.delayed]
[github.com/NoPayneNoGame/apexcharts.js/pulse.html]
[github.com/NoPayneNoGame/apexcharts.js/spoofed_commit_check/5f70eb0eb5e85fad07ca08ec2dbb1950f0a2a3d7.html]
[github.com/NoPayneNoGame/apexcharts.js/tree/main/.html]
[github.com/NoPayneNoGame/apexcharts.js/commits/main/index.html]
[github.com/NoPayneNoGame/apexcharts.js/tree/main/-2.html]
[github.com/NoPayneNoGame/apexcharts.js/tree/main/build.html]
[github.com/NoPayneNoGame/apexcharts.js/tree/main/dist.html]
[github.com/NoPayneNoGame/apexcharts.js/tree/main/samples.html]
[github.com/NoPayneNoGame/apexcharts.js/tree/main/src.html]
[github.com/NoPayneNoGame/apexcharts.js/tree/main/tests.html]
[github.com/NoPayneNoGame/apexcharts.js/tree/main/types.html]
[github.com/NoPayneNoGame/apexcharts.js/blob/main/.codeclimate.html]
[github.com/NoPayneNoGame/apexcharts.js/blob/main/.html]
[github.com/NoPayneNoGame/apexcharts.js/blob/main/-2.html]
[github.com/NoPayneNoGame/apexcharts.js/blob/main/.eslintrc.html]
[github.com/NoPayneNoGame/apexcharts.js/blob/main/-3.html]
[github.com/NoPayneNoGame/apexcharts.js/blob/main/-4.html]
[github.com/NoPayneNoGame/apexcharts.js/blob/main/-5.html]
[github.com/NoPayneNoGame/apexcharts.js/blob/main/-6.html]
[github.com/NoPayneNoGame/apexcharts.js/blob/main/-7.html]
[github.com/NoPayneNoGame/apexcharts.js/blob/main/.prettierrc.html]
[github.com/NoPayneNoGame/apexcharts.js/blob/main/.travis.html]
[github.com/NoPayneNoGame/apexcharts.js/blob/main/CODE_OF_CONDUCT.html]
[github.com/NoPayneNoGame/apexcharts.js/blob/main/CONTRIBUTING.html]
[github.com/NoPayneNoGame/apexcharts.js/blob/main/PULL_REQUEST_TEMPLATE.html]
[github.com/NoPayneNoGame/apexcharts.js/blob/main/README.html]
[github.com/NoPayneNoGame/apexcharts.js/blob/main/babel.config.html]
[github.com/NoPayneNoGame/apexcharts.js/blob/main/db.html]
[github.com/NoPayneNoGame/apexcharts.js/blob/main/jest.config.html]
[github.com/NoPayneNoGame/apexcharts.js/blob/main/package-lock.html]
[github.com/NoPayneNoGame/apexcharts.js/blob/main/package.html]
[github.com/NoPayneNoGame/apexcharts.js/blob/main/webpack.config.html]
[github.com/NoPayneNoGame/apexcharts.js/blob/main/yarn.html]
[github.com/NoPayneNoGame/_https_/cdn.jsdelivr.net/npm/apexcharts___/script__.e1c.delayed]
[github.com/NoPayneNoGame/apexcharts.js/blob/main/info@apexcharts.e1d.delayed]
[github.com/NoPayneNoGame/apexcharts.js/watchers.html]
[github.com/NoPayneNoGame/apexcharts.js/releases.html]
[github.com/NoPayneNoGame/apexcharts.html]
[github.com/NoPayneNoGame683b.html]
[github.com/logincab8.html]
[github.com/normannMarit/_/_esi/rails_csrf_token_form_hidden.e248cb7.delayed]
[github.com/signup236e.html]
[github.com/login5e5b.html]
[github.com/normannMarit/apexcharts.js/blob/main/LICENSE.html]
[github.com/normannMarit/apexcharts.js/stargazers.html]
[github.com/normannMarit/apexcharts.js/forks.html]
[github.com/normannMarit/apexcharts.js/branches.html]
[github.com/normannMarit/apexcharts.js/tags.html]
[github.com/normannMarit/apexcharts.js/activity.html]
[github.com/normannMarit/apexcharts.js/pulls.html]
[github.com/normannMarit/apexcharts.js/actions.html]
[github.com/normannMarit/apexcharts.js/projects4494.html]
[github.com/normannMarit/apexcharts.js/security.html]
[github.com/normannMarit/apexcharts.js/security/overall-count.e32.delayed]
[github.com/normannMarit/apexcharts.js/pulse.html]
[github.com/normannMarit/apexcharts.js/spoofed_commit_check/98ecafefb464f716b538a65b19b5afb9127320e2.html]
[github.com/normannMarit/apexcharts.js/tree/main/.html]
[github.com/normannMarit/apexcharts.js/commits/main/index.html]
[github.com/normannMarit/apexcharts.js/tree/main/-2.html]
[github.com/normannMarit/apexcharts.js/tree/main/build.html]
[github.com/normannMarit/apexcharts.js/tree/main/dist.html]
[github.com/normannMarit/apexcharts.js/tree/main/samples.html]
[github.com/normannMarit/apexcharts.js/tree/main/src.html]
[github.com/normannMarit/apexcharts.js/tree/main/tests.html]
[github.com/normannMarit/apexcharts.js/tree/main/types.html]
[github.com/normannMarit/apexcharts.js/blob/main/.codeclimate.html]
[github.com/normannMarit/apexcharts.js/blob/main/.html]
[github.com/normannMarit/apexcharts.js/blob/main/-2.html]
[github.com/normannMarit/apexcharts.js/blob/main/.eslintrc.html]
[github.com/normannMarit/apexcharts.js/blob/main/-3.html]
[github.com/normannMarit/apexcharts.js/blob/main/-4.html]
[github.com/normannMarit/apexcharts.js/blob/main/-5.html]
[github.com/normannMarit/apexcharts.js/blob/main/-6.html]
[github.com/normannMarit/apexcharts.js/blob/main/-7.html]
[github.com/normannMarit/apexcharts.js/blob/main/.prettierrc.html]
[github.com/normannMarit/apexcharts.js/blob/main/.travis.html]
[github.com/normannMarit/apexcharts.js/blob/main/CODE_OF_CONDUCT.html]
[github.com/normannMarit/apexcharts.js/blob/main/CONTRIBUTING.html]
[github.com/normannMarit/apexcharts.js/blob/main/PULL_REQUEST_TEMPLATE.html]
[github.com/normannMarit/apexcharts.js/blob/main/README.html]
[github.com/normannMarit/apexcharts.js/blob/main/babel.config.html]
[github.com/normannMarit/apexcharts.js/blob/main/db.html]
[github.com/normannMarit/apexcharts.js/blob/main/jest.config.html]
[github.com/normannMarit/apexcharts.js/blob/main/package-lock.html]
[github.com/normannMarit/apexcharts.js/blob/main/package.html]
[github.com/normannMarit/apexcharts.js/blob/main/webpack.config.html]
[github.com/normannMarit/apexcharts.js/blob/main/yarn.html]
[github.com/normannMarit/_https_/cdn.jsdelivr.net/npm/apexcharts___/script__.e54.delayed]
[github.com/normannMarit/apexcharts.js/blob/main/info@apexcharts.e55.delayed]
[github.com/normannMarit/apexcharts.js/watchers.html]
[github.com/normannMarit/apexcharts.js/releases.html]
[github.com/normannMarit/apexcharts.html]
[github.com/normannMarit683b.html]
[github.com/login11ab.html]
[github.com/nurzhas/_/_esi/rails_csrf_token_form_hidden.e5ccbcb.delayed]
[github.com/signup0774.html]
[github.com/login768b.html]
[github.com/nurzhas/apexcharts.js/blob/main/LICENSE.html]
[github.com/nurzhas/apexcharts.js/stargazers.html]
[github.com/nurzhas/apexcharts.js/forks.html]
[github.com/nurzhas/apexcharts.js/branches.html]
[github.com/nurzhas/apexcharts.js/tags.html]
[github.com/nurzhas/apexcharts.js/activity.html]
[github.com/nurzhas/apexcharts.js/pulls.html]
[github.com/nurzhas/apexcharts.js/actions.html]
[github.com/nurzhas/apexcharts.js/projects4494.html]
[github.com/nurzhas/apexcharts.js/security.html]
[github.com/nurzhas/apexcharts.js/security/overall-count.e6a.delayed]
[github.com/nurzhas/apexcharts.js/pulse.html]
[github.com/nurzhas/apexcharts.js/spoofed_commit_check/9b533797bf7fee987dcf19cd97284faacdbd59df.html]
[github.com/nurzhas/apexcharts.js/tree/main/.html]
[github.com/nurzhas/apexcharts.js/commits/main/index.html]
[github.com/nurzhas/apexcharts.js/tree/main/-2.html]
[github.com/nurzhas/apexcharts.js/tree/main/build.html]
[github.com/nurzhas/apexcharts.js/tree/main/dist.html]
[github.com/nurzhas/apexcharts.js/tree/main/samples.html]
[github.com/nurzhas/apexcharts.js/tree/main/src.html]
[github.com/nurzhas/apexcharts.js/tree/main/tests.html]
[github.com/nurzhas/apexcharts.js/tree/main/types.html]
[github.com/nurzhas/apexcharts.js/blob/main/.codeclimate.html]
[github.com/nurzhas/apexcharts.js/blob/main/.html]
[github.com/nurzhas/apexcharts.js/blob/main/-2.html]
[github.com/nurzhas/apexcharts.js/blob/main/.eslintrc.html]
[github.com/nurzhas/apexcharts.js/blob/main/-3.html]
[github.com/nurzhas/apexcharts.js/blob/main/-4.html]
[github.com/nurzhas/apexcharts.js/blob/main/-5.html]
[github.com/nurzhas/apexcharts.js/blob/main/-6.html]
[github.com/nurzhas/apexcharts.js/blob/main/-7.html]
[github.com/nurzhas/apexcharts.js/blob/main/.prettierrc.html]
[github.com/nurzhas/apexcharts.js/blob/main/.travis.html]
[github.com/nurzhas/apexcharts.js/blob/main/CODE_OF_CONDUCT.html]
[github.com/nurzhas/apexcharts.js/blob/main/CONTRIBUTING.html]
[github.com/nurzhas/apexcharts.js/blob/main/PULL_REQUEST_TEMPLATE.html]
[github.com/nurzhas/apexcharts.js/blob/main/README.html]
[github.com/nurzhas/apexcharts.js/blob/main/babel.config.html]
[github.com/nurzhas/apexcharts.js/blob/main/db.html]
[github.com/nurzhas/apexcharts.js/blob/main/jest.config.html]
[github.com/nurzhas/apexcharts.js/blob/main/package-lock.html]
[github.com/nurzhas/apexcharts.js/blob/main/package.html]
[github.com/nurzhas/apexcharts.js/blob/main/webpack.config.html]
[github.com/nurzhas/apexcharts.js/blob/main/yarn.html]
[github.com/nurzhas/_https_/cdn.jsdelivr.net/npm/apexcharts___/script__.e8c.delayed]
[github.com/nurzhas/apexcharts.js/blob/main/info@apexcharts.e8d.delayed]
[github.com/nurzhas/apexcharts.js/watchers.html]
[github.com/nurzhas/apexcharts.js/releases.html]
[github.com/nurzhas/apexcharts.html]
[github.com/nurzhas683b.html]
[github.com/loginee81.html]
[github.com/oschakravarthi/_/_esi/rails_csrf_token_form_hidden.e94ba97.delayed]
[github.com/signupfbfa.html]
[github.com/login9449.html]
[github.com/oschakravarthi/apexcharts.js/blob/main/LICENSE.html]
[github.com/oschakravarthi/apexcharts.js/stargazers.html]
[github.com/oschakravarthi/apexcharts.js/forks.html]
[github.com/oschakravarthi/apexcharts.js/branches.html]
[github.com/oschakravarthi/apexcharts.js/tags.html]
[github.com/oschakravarthi/apexcharts.js/activity.html]
[github.com/oschakravarthi/apexcharts.js/pulls.html]
[github.com/oschakravarthi/apexcharts.js/actions.html]
[github.com/oschakravarthi/apexcharts.js/projects4494.html]
[github.com/oschakravarthi/apexcharts.js/security.html]
[github.com/oschakravarthi/apexcharts.js/security/overall-count.ea2.delayed]
[github.com/oschakravarthi/apexcharts.js/pulse.html]
[github.com/oschakravarthi/apexcharts.js/spoofed_commit_check/16839a371a157d4441db6d029d97f5cbe09d7a69.html]
[github.com/oschakravarthi/apexcharts.js/tree/main/.html]
[github.com/oschakravarthi/apexcharts.js/commits/main/index.html]
[github.com/oschakravarthi/apexcharts.js/tree/main/-2.html]
[github.com/oschakravarthi/apexcharts.js/tree/main/build.html]
[github.com/oschakravarthi/apexcharts.js/tree/main/dist.html]
[github.com/oschakravarthi/apexcharts.js/tree/main/samples.html]
[github.com/oschakravarthi/apexcharts.js/tree/main/src.html]
[github.com/oschakravarthi/apexcharts.js/tree/main/tests.html]
[github.com/oschakravarthi/apexcharts.js/tree/main/types.html]
[github.com/oschakravarthi/apexcharts.js/blob/main/.codeclimate.html]
[github.com/oschakravarthi/apexcharts.js/blob/main/.html]
[github.com/oschakravarthi/apexcharts.js/blob/main/-2.html]
[github.com/oschakravarthi/apexcharts.js/blob/main/.eslintrc.html]
[github.com/oschakravarthi/apexcharts.js/blob/main/-3.html]
[github.com/oschakravarthi/apexcharts.js/blob/main/-4.html]
[github.com/oschakravarthi/apexcharts.js/blob/main/-5.html]
[github.com/oschakravarthi/apexcharts.js/blob/main/-6.html]
[github.com/oschakravarthi/apexcharts.js/blob/main/-7.html]
[github.com/oschakravarthi/apexcharts.js/blob/main/.prettierrc.html]
[github.com/oschakravarthi/apexcharts.js/blob/main/.travis.html]
[github.com/oschakravarthi/apexcharts.js/blob/main/CODE_OF_CONDUCT.html]
[github.com/oschakravarthi/apexcharts.js/blob/main/CONTRIBUTING.html]
[github.com/oschakravarthi/apexcharts.js/blob/main/PULL_REQUEST_TEMPLATE.html]
[github.com/oschakravarthi/apexcharts.js/blob/main/README.html]
[github.com/oschakravarthi/apexcharts.js/blob/main/babel.config.html]
[github.com/oschakravarthi/apexcharts.js/blob/main/db.html]
[github.com/oschakravarthi/apexcharts.js/blob/main/jest.config.html]
[github.com/oschakravarthi/apexcharts.js/blob/main/package-lock.html]
[github.com/oschakravarthi/apexcharts.js/blob/main/package.html]
[github.com/oschakravarthi/apexcharts.js/blob/main/webpack.config.html]
[github.com/oschakravarthi/apexcharts.js/blob/main/yarn.html]
[github.com/oschakravarthi/_https_/cdn.jsdelivr.net/npm/apexcharts___/script__.ec4.delayed]
[github.com/oschakravarthi/apexcharts.js/blob/main/info@apexcharts.ec5.delayed]
[github.com/oschakravarthi/apexcharts.js/watchers.html]
[github.com/oschakravarthi/apexcharts.js/releases.html]
[github.com/oschakravarthi/apexcharts.html]
[github.com/oschakravarthi683b.html]
[github.com/loginc1e0.html]
[github.com/Paul31000/_/_esi/rails_csrf_token_form_hidden.eccf9dc.delayed]
[github.com/signupe874.html]
[github.com/Paul31000/apexcharts_splitbars.js/blob/main/LICENSE.html]
[github.com/Paul31000/apexcharts_splitbars.js/stargazers.html]
[github.com/Paul31000/apexcharts_splitbars.js/forks.html]
[github.com/login0c24.html]
[github.com/Paul31000/apexcharts_splitbars.js/branches.html]
[github.com/Paul31000/apexcharts_splitbars.js/tags.html]
[github.com/Paul31000/apexcharts_splitbars.js/activity.html]
[github.com/Paul31000/apexcharts_splitbars.js/pulls.html]
[github.com/Paul31000/apexcharts_splitbars.js/actions.html]
[github.com/Paul31000/apexcharts_splitbars.js/projects4494.html]
[github.com/Paul31000/apexcharts_splitbars.js/security.html]
[github.com/Paul31000/apexcharts_splitbars.js/security/overall-count.eda.delayed]
[github.com/Paul31000/apexcharts_splitbars.js/pulse.html]
[github.com/Paul31000/apexcharts_splitbars.js/spoofed_commit_check/6077b3dc6a0f10c447ee5540b76cbcb66131c6dc.html]
[github.com/Paul31000/apexcharts_splitbars.js/tree/main/.html]
[github.com/Paul31000/apexcharts_splitbars.js/commits/main/index.html]
[github.com/Paul31000/apexcharts_splitbars.js/tree/main/-2.html]
[github.com/Paul31000/apexcharts_splitbars.js/tree/main/build.html]
[github.com/Paul31000/apexcharts_splitbars.js/tree/main/dist.html]
[github.com/Paul31000/apexcharts_splitbars.js/tree/main/nbproject.html]
[github.com/Paul31000/apexcharts_splitbars.js/tree/main/samples.html]
[github.com/Paul31000/apexcharts_splitbars.js/tree/main/src.html]
[github.com/Paul31000/apexcharts_splitbars.js/tree/main/tests.html]
[github.com/Paul31000/apexcharts_splitbars.js/tree/main/types.html]
[github.com/Paul31000/apexcharts_splitbars.js/blob/main/.codeclimate.html]
[github.com/Paul31000/apexcharts_splitbars.js/blob/main/.html]
[github.com/Paul31000/apexcharts_splitbars.js/blob/main/-2.html]
[github.com/Paul31000/apexcharts_splitbars.js/blob/main/.eslintrc.html]
[github.com/Paul31000/apexcharts_splitbars.js/blob/main/-3.html]
[github.com/Paul31000/apexcharts_splitbars.js/blob/main/-4.html]
[github.com/Paul31000/apexcharts_splitbars.js/blob/main/-5.html]
[github.com/Paul31000/apexcharts_splitbars.js/blob/main/-6.html]
[github.com/Paul31000/apexcharts_splitbars.js/blob/main/-7.html]
[github.com/Paul31000/apexcharts_splitbars.js/blob/main/.prettierrc.html]
[github.com/Paul31000/apexcharts_splitbars.js/blob/main/.travis.html]
[github.com/Paul31000/apexcharts_splitbars.js/blob/main/CODE_OF_CONDUCT.html]
[github.com/Paul31000/apexcharts_splitbars.js/blob/main/CONTRIBUTING.html]
[github.com/Paul31000/apexcharts_splitbars.js/blob/main/PULL_REQUEST_TEMPLATE.html]
[github.com/Paul31000/apexcharts_splitbars.js/blob/main/README.html]
[github.com/Paul31000/apexcharts_splitbars.js/blob/main/babel.config.html]
[github.com/Paul31000/apexcharts_splitbars.js/blob/main/db.html]
[github.com/Paul31000/apexcharts_splitbars.js/blob/main/jest.config.html]
[github.com/Paul31000/apexcharts_splitbars.js/blob/main/package.html]
[github.com/Paul31000/apexcharts_splitbars.js/blob/main/package-lock.html]
[github.com/Paul31000/apexcharts_splitbars.js/blob/main/webpack.config.html]
[github.com/Paul31000/apexcharts_splitbars.js/blob/main/yarn.html]
[github.com/Paul31000/_https_/cdn.jsdelivr.net/npm/apexcharts___/script__.efd.delayed]
[github.com/Paul31000/apexcharts_splitbars.js/blob/main/info@apexcharts.efe.delayed]
[github.com/Paul31000/apexcharts_splitbars.js/watchers.html]
[github.com/Paul31000/apexcharts_splitbars.js/releases.html]
[github.com/Paul31000/apexcharts_splitbars.html]
[github.com/Paul31000a13c.html]
[github.com/login09d1.html]
[github.com/PietroLauria/_/_esi/rails_csrf_token_form_hidden.f051ae5.delayed]
[github.com/signupceea.html]
[github.com/login6a13.html]
[github.com/PietroLauria/apexcharts.js/blob/main/LICENSE.html]
[github.com/PietroLauria/apexcharts.js/stargazers.html]
[github.com/PietroLauria/apexcharts.js/forks.html]
[github.com/PietroLauria/apexcharts.js/branches.html]
[github.com/PietroLauria/apexcharts.js/tags.html]
[github.com/PietroLauria/apexcharts.js/activity.html]
[github.com/PietroLauria/apexcharts.js/pulls.html]
[github.com/PietroLauria/apexcharts.js/actions.html]
[github.com/PietroLauria/apexcharts.js/projects4494.html]
[github.com/PietroLauria/apexcharts.js/security.html]
[github.com/PietroLauria/apexcharts.js/security/overall-count.f13.delayed]
[github.com/PietroLauria/apexcharts.js/pulse.html]
[github.com/PietroLauria/apexcharts.js/spoofed_commit_check/172ed991ffb7e1ce3d3e5348a5a9d3277efac9ce.html]
[github.com/PietroLauria/apexcharts.js/commits/main/index.html]
[github.com/PietroLauria/apexcharts.js/tree/main/.html]
[github.com/PietroLauria/apexcharts.js/tree/main/-2.html]
[github.com/PietroLauria/apexcharts.js/tree/main/build.html]
[github.com/PietroLauria/apexcharts.js/tree/main/dist.html]
[github.com/PietroLauria/apexcharts.js/tree/main/samples.html]
[github.com/PietroLauria/apexcharts.js/tree/main/src.html]
[github.com/PietroLauria/apexcharts.js/tree/main/tests.html]
[github.com/PietroLauria/apexcharts.js/tree/main/types.html]
[github.com/PietroLauria/apexcharts.js/blob/main/.codeclimate.html]
[github.com/PietroLauria/apexcharts.js/blob/main/.html]
[github.com/PietroLauria/apexcharts.js/blob/main/-2.html]
[github.com/PietroLauria/apexcharts.js/blob/main/.eslintrc.html]
[github.com/PietroLauria/apexcharts.js/blob/main/-3.html]
[github.com/PietroLauria/apexcharts.js/blob/main/-4.html]
[github.com/PietroLauria/apexcharts.js/blob/main/-5.html]
[github.com/PietroLauria/apexcharts.js/blob/main/-6.html]
[github.com/PietroLauria/apexcharts.js/blob/main/-7.html]
[github.com/PietroLauria/apexcharts.js/blob/main/.prettierrc.html]
[github.com/PietroLauria/apexcharts.js/blob/main/.travis.html]
[github.com/PietroLauria/apexcharts.js/blob/main/CODE_OF_CONDUCT.html]
[github.com/PietroLauria/apexcharts.js/blob/main/CONTRIBUTING.html]
[github.com/PietroLauria/apexcharts.js/blob/main/PULL_REQUEST_TEMPLATE.html]
[github.com/PietroLauria/apexcharts.js/blob/main/README.html]
[github.com/PietroLauria/apexcharts.js/blob/main/babel.config.html]
[github.com/PietroLauria/apexcharts.js/blob/main/db.html]
[github.com/PietroLauria/apexcharts.js/blob/main/jest.config.html]
[github.com/PietroLauria/apexcharts.js/blob/main/package.html]
[github.com/PietroLauria/apexcharts.js/blob/main/webpack.config.html]
[github.com/PietroLauria/apexcharts.js/blob/main/package-lock.html]
[github.com/PietroLauria/apexcharts.js/blob/main/yarn.html]
[github.com/PietroLauria/_https_/cdn.jsdelivr.net/npm/apexcharts___/script__.f35.delayed]
[github.com/PietroLauria/apexcharts.js/blob/main/info@apexcharts.f36.delayed]
[github.com/PietroLauria/apexcharts.js/releases.html]
[github.com/PietroLauria/apexcharts.html]
[github.com/PietroLauria683b.html]
[github.com/loginda94.html]
[github.com/qwintstream-dev/_/_esi/rails_csrf_token_form_hidden.f3d40eb.delayed]
[github.com/signup4aac.html]
[github.com/login6e8c.html]
[github.com/qwintstream-dev/apexcharts.js/blob/main/LICENSE.html]
[github.com/qwintstream-dev/apexcharts.js/stargazers.html]
[github.com/qwintstream-dev/apexcharts.js/forks.html]
[github.com/qwintstream-dev/apexcharts.js/branches.html]
[github.com/qwintstream-dev/apexcharts.js/tags.html]
[github.com/qwintstream-dev/apexcharts.js/activity.html]
[github.com/qwintstream-dev/apexcharts.js/pulls.html]
[github.com/qwintstream-dev/apexcharts.js/actions.html]
[github.com/qwintstream-dev/apexcharts.js/projects4494.html]
[github.com/qwintstream-dev/apexcharts.js/security.html]
[github.com/qwintstream-dev/apexcharts.js/security/overall-count.f4b.delayed]
[github.com/qwintstream-dev/apexcharts.js/pulse.html]
[github.com/qwintstream-dev/apexcharts.js/spoofed_commit_check/d1016c645db1ede225ebc51514634a45a3a348ff.html]
[github.com/qwintstream-dev/apexcharts.js/tree/main/.html]
[github.com/qwintstream-dev/apexcharts.js/tree/main/-2.html]
[github.com/qwintstream-dev/apexcharts.js/commits/main/index.html]
[github.com/qwintstream-dev/apexcharts.js/tree/main/build.html]
[github.com/qwintstream-dev/apexcharts.js/tree/main/dist.html]
[github.com/qwintstream-dev/apexcharts.js/tree/main/nbproject.html]
[github.com/qwintstream-dev/apexcharts.js/tree/main/samples.html]
[github.com/qwintstream-dev/apexcharts.js/tree/main/src.html]
[github.com/qwintstream-dev/apexcharts.js/tree/main/tests.html]
[github.com/qwintstream-dev/apexcharts.js/tree/main/types.html]
[github.com/qwintstream-dev/apexcharts.js/blob/main/.codeclimate.html]
[github.com/qwintstream-dev/apexcharts.js/blob/main/.html]
[github.com/qwintstream-dev/apexcharts.js/blob/main/-2.html]
[github.com/qwintstream-dev/apexcharts.js/blob/main/-3.html]
[github.com/qwintstream-dev/apexcharts.js/blob/main/-4.html]
[github.com/qwintstream-dev/apexcharts.js/blob/main/.eslintrc.html]
[github.com/qwintstream-dev/apexcharts.js/blob/main/-5.html]
[github.com/qwintstream-dev/apexcharts.js/blob/main/-6.html]
[github.com/qwintstream-dev/apexcharts.js/blob/main/-7.html]
[github.com/qwintstream-dev/apexcharts.js/blob/main/.prettierrc.html]
[github.com/qwintstream-dev/apexcharts.js/blob/main/.travis.html]
[github.com/qwintstream-dev/apexcharts.js/blob/main/CODE_OF_CONDUCT.html]
[github.com/qwintstream-dev/apexcharts.js/blob/main/CONTRIBUTING.html]
[github.com/qwintstream-dev/apexcharts.js/blob/main/PULL_REQUEST_TEMPLATE.html]
[github.com/qwintstream-dev/apexcharts.js/blob/main/README.html]
[github.com/qwintstream-dev/apexcharts.js/blob/main/babel.config.html]
[github.com/qwintstream-dev/apexcharts.js/blob/main/db.html]
[github.com/qwintstream-dev/apexcharts.js/blob/main/jest.config.html]
[github.com/qwintstream-dev/apexcharts.js/blob/main/package-lock.html]
[github.com/qwintstream-dev/apexcharts.html]
[github.com/rafa0128/apexcharts.html]
[github.com/ramazanebci/apexcharts.html]
[github.com/Kasluk24/apexcharts.html]
[github.com/kpmdevgr/apexcharts.html]
[github.com/limjiechao/apexcharts.html]
[github.com/lucacapocci94-dev/apexcharts.html]
[github.com/apexcharts/apexcharts.js/forks4658.html]
[github.com/apexcharts/apexcharts.js/forks9ba9.html]
[github.com/apexcharts/apexcharts.js/forksfdb0.html]
[github.com/apexcharts/apexcharts.js/forksaf4d.html]
[github.com/apexcharts/apexcharts.js/forksc575.html]
[github.com/apexcharts/apexcharts.js/_/_esi/rails_csrf_token_form_hidden39d9.html]
[github.com/signup4bab.html]
[github.com/apexcharts/apexcharts.js/branches/active.html]
[github.com/apexcharts/apexcharts.js/branches/stale.html]
[github.com/apexcharts/apexcharts.js/branches/all.html]
[github.com/apexcharts/apexcharts.js/tree/feat/slope-chart.html]
[github.com/apexcharts/apexcharts.js/_/_esi/rails_csrf_token_form_hiddendc63.html]
[github.com/signupda87.html]
[github.com/apexcharts/apexcharts.js/commit/8c216f1071ab017886aeb5549b4f22468102937e.html]
[github.com/apexcharts/apexcharts.js/releases/tag/v3.49-2.html]
[github.com/apexcharts/apexcharts.js/commit/106a7ea7ab3b9703970b87db64a84bb1939dd2a8.html]
[github.com/apexcharts/apexcharts.js/releases/tag/v3.48.html]
[github.com/apexcharts/apexcharts.js/commit/57e27ffe53ed79f32a1973307370c80bc8fe5208.html]
[github.com/apexcharts/apexcharts.js/releases/tag/v3.47.html]
[github.com/apexcharts/apexcharts.js/commit/0b0d270ca044225115d263fa9011ff65369eed6c.html]
[github.com/apexcharts/apexcharts.js/releases/tag/v3.46.html]
[github.com/apexcharts/apexcharts.js/commit/ca8a1d941892ab0485bae4a28aa6a19966ea8d04.html]
[github.com/apexcharts/apexcharts.js/releases/tag/v3.45.html]
[github.com/apexcharts/apexcharts.js/commit/e1a4400da3f22a187ccb4b55db279e0fe20a1519.html]
[github.com/apexcharts/apexcharts.js/releases/tag/v3.45-2.html]
[github.com/apexcharts/apexcharts.js/releases/tag/v3.45-3.html]
[github.com/apexcharts/apexcharts.js/commit/c2a4b9c2b7a0d1d54565e9d4cf1ee4ed8c66905d.html]
[github.com/apexcharts/apexcharts.js/releases/tag/v3.44.html]
[github.com/apexcharts/apexcharts.js/commit/373983d0711b7f6b9b9c97982275ceefdf3b9d34.html]
[github.com/apexcharts/apexcharts.js/releases/tag/v3.44-2.html]
[github.com/apexcharts/apexcharts.js/tags23ac.html]
[github.com/apexcharts/apexcharts.js/_/_esi/rails_csrf_token_form_hidden7a3c.html]
[github.com/signupbc3a.html]
[github.com/apexcharts/apexcharts.js/_/_esi/rails_csrf_token_form_hiddend307.html]
[github.com/signup7d72.html]
[github.com/apexcharts/apexcharts.js/labels.html]
[github.com/apexcharts/apexcharts.js/milestones.html]
[github.com/apexcharts/apexcharts.js/issuesa141.html]
[github.com/apexcharts/apexcharts.js/issues6d1a.html]
[github.com/apexcharts/apexcharts.js/issues/show_menu_contentd974.html]
[github.com/apexcharts/apexcharts.js/issues/show_menu_contente8ba.html]
[github.com/apexcharts/apexcharts.js/issues/show_menu_content07f7.html]
[github.com/apexcharts/apexcharts.js/issues/show_menu_content5a37.html]
[github.com/apexcharts/apexcharts.js/issues/show_menu_content9b58.html]
[github.com/apexcharts/apexcharts.js/issues411f.html]
[github.com/apexcharts/apexcharts.js/issues475a.html]
[github.com/apexcharts/apexcharts.js/issues48f3.html]
[github.com/apexcharts/apexcharts.js/issuesd757.html]
[github.com/apexcharts/apexcharts.js/issues740a.html]
[github.com/apexcharts/apexcharts.js/issues29b8.html]
[github.com/apexcharts/apexcharts.js/issues2deb.html]
[github.com/apexcharts/apexcharts.js/issues459c.html]
[github.com/apexcharts/apexcharts.js/issues0cfd.html]
[github.com/apexcharts/apexcharts.js/issues3885.html]
[github.com/apexcharts/apexcharts.js/issuesf4c8.html]
[github.com/apexcharts/apexcharts.js/issues86f2.html]
[github.com/apexcharts/apexcharts.js/issues060b.html]
[github.com/apexcharts/apexcharts.js/issueseb0c.html]
[github.com/apexcharts/apexcharts.js/issuesf5e8.html]
[github.com/apexcharts/apexcharts.js/issues/4517.html]
[github.com/apexcharts/apexcharts.js/issuesd13b.html]
[github.com/apexcharts/apexcharts.js/issues/created_by/yp05327.html]
[github.com/apexcharts/apexcharts.js/issues/4509.html]
[github.com/apexcharts/apexcharts.js/issues/created_by/Prakanksh.html]
[github.com/apexcharts/apexcharts.js/issues/4507.html]
[github.com/apexcharts/apexcharts.js/issues/created_by/Kcngu01.html]
[github.com/apexcharts/apexcharts.js/issues/4493.html]
[github.com/apexcharts/apexcharts.js/issues/created_by/dariabaklykova.html]
[github.com/apexcharts/apexcharts.js/issues/4492.html]
[github.com/apexcharts/apexcharts.js/issues/created_by/adnane-ka.html]
[github.com/apexcharts/apexcharts.js/issues/4484.html]
[github.com/apexcharts/apexcharts.js/issues/created_by/onetdev.html]
[github.com/apexcharts/apexcharts.js/issues/4480.html]
[github.com/apexcharts/apexcharts.js/issues/created_by/Joshua-White-TRP.html]
[github.com/apexcharts/apexcharts.js/issues/4472.html]
[github.com/apexcharts/apexcharts.js/issues/created_by/fabio-sp.html]
[github.com/apexcharts/apexcharts.js/issues/4469.html]
[github.com/apexcharts/apexcharts.js/issuesa67a.html]
[github.com/apexcharts/apexcharts.js/issues/created_by/FADL285.html]
[github.com/apexcharts/apexcharts.js/issues/4467.html]
[github.com/apexcharts/apexcharts.js/issues/created_by/QuentinBubu.html]
[github.com/apexcharts/apexcharts.js/issues/4463.html]
[github.com/apexcharts/apexcharts.js/issues/created_by/VeloAddict.html]
[github.com/apexcharts/apexcharts.js/issues/4461.html]
[github.com/apexcharts/apexcharts.js/issues/created_by/nshpam.html]
[github.com/apexcharts/apexcharts.js/issues/4460.html]
[github.com/apexcharts/apexcharts.js/issues/created_by/fr4nk3nst3in.html]
[github.com/apexcharts/apexcharts.js/issues/4458.html]
[github.com/apexcharts/apexcharts.js/issues/created_by/bcldvd.html]
[github.com/apexcharts/apexcharts.js/issues/4454.html]
[github.com/apexcharts/apexcharts.js/issues/created_by/Kutlwiwiso.html]
[github.com/apexcharts/apexcharts.js/issues/4453.html]
[github.com/apexcharts/apexcharts.js/issues/created_by/willdochnur.html]
[github.com/apexcharts/apexcharts.js/issues/4451.html]
[github.com/apexcharts/apexcharts.js/issues/created_by/dlopesa.html]
[github.com/apexcharts/apexcharts.js/issues/4447.html]
[github.com/apexcharts/apexcharts.js/issues/created_by/DenielPereira.html]
[github.com/apexcharts/apexcharts.js/issues/4446.html]
[github.com/apexcharts/apexcharts.js/issues/created_by/Raraby.html]
[github.com/apexcharts/apexcharts.js/issues/4435.html]
[github.com/apexcharts/apexcharts.js/issues/created_by/Thimows.html]
[github.com/apexcharts/apexcharts.js/issues/4427.html]
[github.com/apexcharts/apexcharts.js/issues/created_by/YaroslavWeb.html]
[github.com/apexcharts/apexcharts.js/issues/4426.html]
[github.com/apexcharts/apexcharts.js/issues/4423.html]
[github.com/apexcharts/apexcharts.js/issues/created_by/technyon.html]
[github.com/apexcharts/apexcharts.js/issues/4422.html]
[github.com/apexcharts/apexcharts.js/issues/created_by/tmac12.html]
[github.com/apexcharts/apexcharts.js/issues/4414.html]
[github.com/apexcharts/apexcharts.js/issues/created_by/LeoMcH36.html]
[github.com/apexcharts/apexcharts.js/issuesf9d5.html]
[github.com/apexcharts/apexcharts.js/issues091a.html]
[github.com/apexcharts/apexcharts.js/issues75e6.html]
[github.com/apexcharts/apexcharts.js/issues7fd6.html]
[github.com/apexcharts/apexcharts.js/issues2136.html]
[github.com/apexcharts/apexcharts.js/issuesaa64.html]
[github.com/apexcharts/apexcharts.js/_/_esi/rails_csrf_token_form_hidden4a4c.html]
[github.com/signup03ae.html]
[github.com/apexcharts/apexcharts.js/compare.html]
[github.com/apexcharts/apexcharts.js/pullse309.html]
[github.com/apexcharts/apexcharts.js/pulls762f.html]
[github.com/apexcharts/apexcharts.js/issues/show_menu_content8d5a.html]
[github.com/apexcharts/apexcharts.js/issues/show_menu_content9228.html]
[github.com/apexcharts/apexcharts.js/issues/show_menu_content400a.html]
[github.com/apexcharts/apexcharts.js/issues/show_menu_content3a10.html]
[github.com/apexcharts/apexcharts.js/pullse65e.html]
[github.com/apexcharts/apexcharts.js/pulls60b1.html]
[github.com/apexcharts/apexcharts.js/pulls69ac.html]
[github.com/apexcharts/apexcharts.js/pullsab34.html]
[github.com/apexcharts/apexcharts.js/issues/show_menu_content96b0.html]
[github.com/apexcharts/apexcharts.js/pulls9486.html]
[github.com/apexcharts/apexcharts.js/pulls41bb.html]
[github.com/apexcharts/apexcharts.js/pullseff9.html]
[github.com/apexcharts/apexcharts.js/pullsa03c.html]
[github.com/apexcharts/apexcharts.js/pulls28ff.html]
[github.com/apexcharts/apexcharts.js/pulls6a93.html]
[github.com/apexcharts/apexcharts.js/pulls3e26.html]
[github.com/apexcharts/apexcharts.js/pulls5e85.html]
[github.com/apexcharts/apexcharts.js/pullsef5c.html]
[github.com/apexcharts/apexcharts.js/pulls2b8a.html]
[github.com/apexcharts/apexcharts.js/pullsb302.html]
[github.com/apexcharts/apexcharts.js/pulls58f0.html]
[github.com/apexcharts/apexcharts.js/pullseeb1.html]
[github.com/apexcharts/apexcharts.js/pullsfd7f.html]
[github.com/apexcharts/apexcharts.js/pullsa80b.html]
[github.com/apexcharts/apexcharts.js/pull/4516.html]
[github.com/apexcharts/apexcharts.js/pulls/halfpeeled.html]
[github.com/apexcharts/apexcharts.js/issues/4370.html]
[github.com/apexcharts/apexcharts.js/pull/4515.html]
[github.com/apexcharts/apexcharts.js/pulls/Sebastian-Webster.html]
[github.com/apexcharts/apexcharts.js/pull/4510.html]
[github.com/apexcharts/apexcharts.js/pull/4505.html]
[github.com/apexcharts/apexcharts.js/_/_esi/rails_csrf_token_form_hiddene887.html]
[github.com/signup714b.html]
[github.com/apexcharts/apexcharts.js/discussions509e.html]
[github.com/apexcharts/apexcharts.js/discussions30ba.html]
[github.com/apexcharts/apexcharts.js/discussions3aff.html]
[github.com/apexcharts/apexcharts.js/discussions0166.html]
[github.com/apexcharts/apexcharts.js/discussions2917.html]
[github.com/apexcharts/apexcharts.js/discussions54f9.html]
[github.com/apexcharts/apexcharts.js/discussions548a.html]
[github.com/apexcharts/apexcharts.js/discussions/labels/search_menu509e.html]
[github.com/apexcharts/apexcharts.js/discussionsdd7a.html]
[github.com/apexcharts/apexcharts.js/discussions5c99.html]
[github.com/apexcharts/apexcharts.js/discussionsad6a.html]
[github.com/apexcharts/apexcharts.js/discussionsa5fe.html]
[github.com/apexcharts/apexcharts.js/discussionsda52.html]
[github.com/apexcharts/apexcharts.js/discussionsfae0.html]
[github.com/apexcharts/apexcharts.js/discussions/categories/general.html]
[github.com/apexcharts/apexcharts.js/discussions/categories/ideas.html]
[github.com/apexcharts/apexcharts.js/discussions/categories/polls.html]
[github.com/apexcharts/apexcharts.js/discussions/categories/q-a.html]
[github.com/apexcharts/apexcharts.js/discussions/categories/show-and-tell.html]
[github.com/apexcharts/apexcharts.js/discussions/leaderboard.html]
[github.com/apexcharts/apexcharts.js/blob/9190caa9e37b7ae5d5a331da8cf2e4cae89f41f3/CODE_OF_CONDUCT.html]
[github.com/apexcharts/apexcharts.js/discussions/4513.html]
[github.com/apexcharts/apexcharts.js/discussions/categories/general887a.html]
[github.com/apexcharts/apexcharts.js/discussions/4511.html]
[github.com/apexcharts/apexcharts.js/discussions/4512.html]
[github.com/apexcharts/apexcharts.js/discussions/4506.html]
[github.com/apexcharts/apexcharts.js/discussions/categories/q-a2247.html]
[github.com/apexcharts/apexcharts.js/discussions/4503.html]
[github.com/apexcharts/apexcharts.js/discussions/4499.html]
[github.com/apexcharts/apexcharts.js/discussions/4491.html]
[github.com/apexcharts/apexcharts.js/discussions/4490.html]
[github.com/apexcharts/apexcharts.js/discussions/3561.html]
[github.com/apexcharts/apexcharts.js/discussions1d7b.html]
[github.com/apexcharts/apexcharts.js/discussions/4487.html]
[github.com/apexcharts/apexcharts.js/discussions/categories/idease6db.html]
[github.com/apexcharts/apexcharts.js/discussions/4477.html]
[github.com/apexcharts/apexcharts.js/discussions/3954.html]
[github.com/apexcharts/apexcharts.js/discussions/categories/show-and-tell314f.html]
[github.com/apexcharts/apexcharts.js/discussions/4468.html]
[github.com/apexcharts/apexcharts.js/discussions/4465.html]
[github.com/apexcharts/apexcharts.js/discussions/4464.html]
[github.com/apexcharts/apexcharts.js/discussions/4456.html]
[github.com/apexcharts/apexcharts.js/discussions/3519.html]
[github.com/apexcharts/apexcharts.js/discussions/4459.html]
[github.com/apexcharts/apexcharts.js/discussions/3229.html]
[github.com/apexcharts/apexcharts.js/discussions/4457.html]
[github.com/apexcharts/apexcharts.js/discussions/4450.html]
[github.com/apexcharts/apexcharts.js/discussions/4449.html]
[github.com/apexcharts/apexcharts.js/discussions/4448.html]
[github.com/apexcharts/apexcharts.js/discussions/4441.html]
[github.com/apexcharts/apexcharts.js/discussions/4440.html]
[github.com/apexcharts/apexcharts.js/discussions4658.html]
[github.com/apexcharts/apexcharts.js/discussions9ba9.html]
[github.com/apexcharts/apexcharts.js/discussionsfdb0.html]
[github.com/apexcharts/apexcharts.js/discussionsaf4d.html]
[github.com/apexcharts/apexcharts.js/discussions1d82.html]
[github.com/apexcharts/apexcharts.js/discussions8c06.html]
[github.com/apexcharts/apexcharts.js/_/_esi/rails_csrf_token_form_hidden13c2.html]
[github.com/signupa152.html]
[github.com/apexcharts/apexcharts.js/actions/workflows/codeql-analysis.html]
[github.com/apexcharts/apexcharts.js/actions/workflows/stale.html]
[github.com/apexcharts/apexcharts.js/actions/workflows/node.js.html]
[github.com/apexcharts/apexcharts.js/actions/workflows_partial0f15.html]
[github.com/apexcharts/apexcharts.js/actions/caches.html]
[github.com/apexcharts/apexcharts.js/attestations.html]
[github.com/apexcharts/apexcharts.js/actions/navigation_partial84f0.html]
[github.com/apexcharts/apexcharts.js/actions/events0f15.html]
[github.com/apexcharts/apexcharts.js/actions/statuses0f15.html]
[github.com/apexcharts/apexcharts.js/actions/actors0f15.html]
[github.com/apexcharts/apexcharts.js/actions/runs/9429432770.html]
[github.com/apexcharts/apexcharts.js/actions/runs/9429432770/workflow.html]
[github.com/apexcharts/apexcharts.js/actions/runs/9429093221.html]
[github.com/apexcharts/apexcharts.js/actions/runs/9429093221/workflow.html]
[github.com/apexcharts/apexcharts.js/actions/runs/9418633247.html]
[github.com/apexcharts/apexcharts.js/actions/runs/9418633247/workflow.html]
[github.githubassets.com/assets/light-f552bab6ce72.css]
[github.githubassets.com/assets/dark-4589f64a2275.css]
[github.githubassets.com/assets/dark_dimmed-a7246d2d6733.css]
[github.githubassets.com/assets/dark_high_contrast-f2ef05cef2f1.css]
[github.githubassets.com/assets/dark_colorblind-daa1fe317131.css]
[github.githubassets.com/assets/light_colorblind-1ab6fcc64845.css]
[github.githubassets.com/assets/light_high_contrast-46de871e876c.css]
[github.githubassets.com/assets/light_tritanopia-c9754fef2a31.css]
[github.githubassets.com/assets/dark_tritanopia-dba748981a29.css]
[github.githubassets.com/assets/primer-primitives-4cbeaa0795ef.css]
[github.githubassets.com/assets/primer-87f353b17355.css]
[github.githubassets.com/assets/global-545513c45073.css]
[github.githubassets.com/assets/github-f1af66156f94.css]
[github.githubassets.com/assets/repository-2e900f0ac288.css]
[github.githubassets.com/assets/code-33498bbbf39d.css]
[github.githubassets.com/assets/wp-runtime-737f40b4b33f.js]
[github.githubassets.com/assets/vendors-node_modules_dompurify_dist_purify_js-810e4b1b9abd.js]
[github.githubassets.com/assets/vendors-node_modules_oddbird_popover-polyfill_dist_popover_js-4ac41d0a76fd.js]
[github.githubassets.com/assets/vendors-node_modules_smoothscroll-polyfill_dist_smoothscroll_js-node_modules_stacktrace-parse-a448e4-bdc28e06dc01.js]
[github.githubassets.com/assets/environment-65dcc25bed15.js]
[github.githubassets.com/assets/vendors-node_modules_primer_behaviors_dist_esm_focus-zone_js-f669b9466f06.js]
[github.githubassets.com/assets/vendors-node_modules_github_selector-observer_dist_index_esm_js-9f960d9b217c.js]
[github.githubassets.com/assets/vendors-node_modules_github_relative-time-element_dist_index_js-5c00adf875b8.js]
[github.githubassets.com/assets/vendors-node_modules_github_combobox-nav_dist_index_js-node_modules_github_markdown-toolbar-e-820fc0-1176135e4d90.js]
[github.githubassets.com/assets/vendors-node_modules_github_auto-complete-element_dist_index_js-node_modules_github_catalyst_-392fe4-5df1d85d02da.js]
[github.githubassets.com/assets/vendors-node_modules_github_text-expander-element_dist_index_js-b2135edb5ced.js]
[github.githubassets.com/assets/vendors-node_modules_github_filter-input-element_dist_index_js-node_modules_github_remote-inp-b7d8f4-6e6f83bcc978.js]
[github.githubassets.com/assets/vendors-node_modules_github_mini-throttle_dist_index_js-node_modules_delegated-events_dist_in-b63d41-1e3984e4dd2f.js]
[github.githubassets.com/assets/vendors-node_modules_github_file-attachment-element_dist_index_js-node_modules_primer_view-co-3959a9-78d79e74e4ca.js]
[github.githubassets.com/assets/app_assets_modules_github_onfocus_ts-ui_packages_trusted-types-policies_policy_ts-ui_packages-6fe316-4083e7233d28.js]
[github.githubassets.com/assets/github-elements-013d2eeedc88.js]
[github.githubassets.com/assets/element-registry-e8d666d71c6a.js]
[github.githubassets.com/assets/vendors-node_modules_braintree_browser-detection_dist_browser-detection_js-node_modules_githu-fd5530-79ffdad54bcd.js]
[github.githubassets.com/assets/vendors-node_modules_lit-html_lit-html_js-cc7cb714ead5.js]
[github.githubassets.com/assets/vendors-node_modules_morphdom_dist_morphdom-esm_js-node_modules_github_memoize_dist_esm_index_js-8d7117d67c36.js]
[github.githubassets.com/assets/vendors-node_modules_github_turbo_dist_turbo_es2017-esm_js-1cea0f5eff45.js]
[github.githubassets.com/assets/vendors-node_modules_github_remote-form_dist_index_js-node_modules_delegated-events_dist_inde-893f9f-880ac2bbb719.js]
[github.githubassets.com/assets/vendors-node_modules_scroll-anchoring_dist_scroll-anchoring_esm_js-node_modules_github_hotkey-1a1d91-1bb71f3f93c2.js]
[github.githubassets.com/assets/vendors-node_modules_color-convert_index_js-cdd1e82b3795.js]
[github.githubassets.com/assets/vendors-node_modules_primer_behaviors_dist_esm_dimensions_js-node_modules_github_jtml_lib_index_js-b1947a1d4855.js]
[github.githubassets.com/assets/vendors-node_modules_github_session-resume_dist_index_js-node_modules_primer_behaviors_dist_e-da6ec6-77ce2f267f4e.js]
[github.githubassets.com/assets/vendors-node_modules_github_quote-selection_dist_index_js-node_modules_github_textarea-autosi-9e0349-7c78ee755ad3.js]
[github.githubassets.com/assets/app_assets_modules_github_updatable-content_ts-7fcc5f2841d8.js]
[github.githubassets.com/assets/app_assets_modules_github_behaviors_task-list_ts-app_assets_modules_github_onfocus_ts-app_ass-421cec-d3af2356fb47.js]
[github.githubassets.com/assets/app_assets_modules_github_sticky-scroll-into-view_ts-3dc342dedcb0.js]
[github.githubassets.com/assets/app_assets_modules_github_behaviors_ajax-error_ts-app_assets_modules_github_behaviors_include-467754-0b06f9573e1c.js]
[github.githubassets.com/assets/app_assets_modules_github_behaviors_commenting_edit_ts-app_assets_modules_github_behaviors_ht-83c235-5276a3faf037.js]
[github.githubassets.com/assets/behaviors-4f7a77997eec.js]
[github.githubassets.com/assets/vendors-node_modules_delegated-events_dist_index_js-node_modules_github_catalyst_lib_index_js-06ff531-2ea61fcc9a71.js]
[github.githubassets.com/assets/notifications-global-0409f6303340.js]
[github.githubassets.com/assets/vendors-node_modules_virtualized-list_es_index_js-node_modules_github_template-parts_lib_index_js-878844713bc9.js]
[github.githubassets.com/assets/vendors-node_modules_github_remote-form_dist_index_js-node_modules_delegated-events_dist_inde-e53a3f-52039a64560e.js]
[github.githubassets.com/assets/app_assets_modules_github_ref-selector_ts-fa04da463305.js]
[github.githubassets.com/assets/codespaces-e5084321c6dd.js]
[github.githubassets.com/assets/vendors-node_modules_github_filter-input-element_dist_index_js-node_modules_github_mini-throt-1f9a80-bb6794a6e5c6.js]
[github.githubassets.com/assets/vendors-node_modules_github_file-attachment-element_dist_index_js-node_modules_github_mini-th-9dbbd2-dba0157157f7.js]
[github.githubassets.com/assets/app_assets_modules_github_repositories_get-repo-element_ts-e21ae6671295.js]
[github.githubassets.com/assets/repositories-1d69946468f7.js]
[github.githubassets.com/assets/code-menu-67595c3a6d0c.js]
[github.githubassets.com/favicons/favicon.png]
[github.githubassets.com/assets/vendors-node_modules_primer_react_lib-esm_Button_IconButton_js-node_modules_primer_react_lib--1cd808-d9a0e71b26f4.js]
[github.githubassets.com/assets/keyboard-shortcuts-dialog-abd3611b87d8.js]
[github.githubassets.com/assets/vendors-node_modules_github_remote-form_dist_index_js-node_modules_delegated-events_dist_inde-94fd67-8743f7dc256e.js]
[github.githubassets.com/assets/sessions-458fee042571.js]
[github.com/davidedwards1974/apexcharts.js]
[github.com/DavidMarquezF/apexcharts.js]
[github.com/davidchateau/apexcharts.js]
[github.com/davgit/apexcharts.js]
[github.com/DavidReyer/apexcharts.js]
[github.com/deawx/apexcharts.js]
[github.com/deepgreenz/apexcharts.js]
[github.com/dbatarin/apexcharts.js]
[github.com/deeplearning2012/apexcharts.js]
[github.com/dengesoft/apexcharts.js]
[github.com/denisshockwave/apexcharts.js]
[github.com/dennis3124/apexcharts.js]
[github.com/Dependencies/apexcharts.js]
[github.com/devassse/apexcharts.js]
[github.com/desols1818/apexcharts.js]
[github.com/DevilTech555/apexcharts.js]
[github.com/Devimal/apexcharts.js]
[github.com/devpickstar/apexcharts.js]
[github.com/devLucasOAK/apexcharts.js]
[github.com/devriazul/apexcharts.js]
[github.com/DeymiOy/apexcharts.js]
[github.com/dhanilkumart/apexcharts.js]
[github.com/Dheia/apexcharts.js]
[github.com/diegodfsd/apexcharts.js]
[github.com/diegodiaz/apexcharts.js]
[github.com/doaaAlalawi/apexcharts.js]
[github.com/doc22940/apexcharts.js]
[github.com/documize/apexcharts.js]
[github.com/Doiverson/apexcharts.js]
[github.com/doronguttman/apexcharts.js]
[github.com/dospuntocero/apexcharts.js]
[github.com/DOZBORNE/apexcharts.js]
[github.com/dralangrant/apexcharts.js]
[github.com/drummad/apexcharts.js]
[github.com/duanshuaimin/apexcharts.js]
[github.com/Ducksss/apexcharts.js]
[github.com/duduyo/apexcharts.js]
[github.com/duhdugg/apexcharts.js]
[github.com/dvlprAlamin/apexcharts.js]
[github.com/easygavin/apexcharts.js]
[github.com/ecr007/apexcharts.js]
[github.com/eddort/apexcharts.js]
[github.com/EdwardCaulfield/apexcharts.js]
[github.com/EdwinArgudo/apexcharts.js]
[github.com/efra17051/apexcharts.js]
[github.com/ekhmoi/apexcharts.js]
[github.com/starjet/apexcharts.js]
[github.com/traneo/apexcharts.js]
[github.com/elangosundar/apexcharts.js]
[github.com/elGulfo/apexcharts.js]
[github.com/EliasJimenez/apexcharts.js]
[github.com/elliott2081/apexcharts.js]
[github.com/elobato92/apexcharts.js]
[github.com/EmadAdly/apexcharts.js]
[github.com/emaiqi/apexcharts.js]
[github.com/emattiza/apexcharts.js]
[github.com/eoasakura/apexcharts.js]
[github.com/Empire7sv/apexcharts.js]
[github.com/emuroiwa/apexcharts.js]
[github.com/EricTop3/apexcharts.js]
[github.com/erlandmuchasaj/apexcharts.js]
[github.com/erik-krogh/apexcharts.js]
[github.com/eroself/apexcharts.js]
[github.com/escully27/apexcharts.js]
[github.com/EsTharian/apexcharts.js]
[github.com/ettoredn/apexcharts.js]
[github.com/etuncay/apexcharts.js]
[github.com/evdeveloper/apexcharts.js]
[github.com/evgarik/apexcharts.js]
[github.com/f0rb1d/apexcharts.js]
[github.com/evisionsoftwareltd/apexcharts.js]
[github.com/FairyWorld/devtool_apexcharts.js]
[github.com/falconzyx/apexcharts.js]
[github.com/faustinopsy/apexcharts.js]
[github.com/Feduch/apexcharts.js]
[github.com/felipebcs/apexcharts.js]
[github.com/FeloxyV/apexcharts.js]
[github.com/ferdydurque/apexcharts.js]
[github.com/fengweijp/apexcharts.js]
[github.com/fernandolopestavares/apexcharts.js]
[github.com/fernandesayla/apexcharts.js]
[github.com/ferreiratechh/apexcharts.js]
[github.com/fgabrielbr/apexcharts.js]
[github.com/fhavellant/apexcharts.js]
[github.com/filipecrosk/apexcharts.js]
[github.com/Filsommer/apexcharts.js]
[github.com/fintara/apexcharts.js]
[github.com/Flared/apexcharts.js]
[github.com/FlorianFrank/apexcharts.js]
[github.com/fouad-j/apexcharts.js]
[github.com/foxundermoon/apexcharts.js]
[github.com/fracz/apexcharts.js]
[github.com/frank-mendez/apexcharts.js]
[github.com/fredpies/apexcharts.js]
[github.com/FredrikBergelin/apexcharts.js]
[github.com/fredvollmer/apexcharts.js]
[github.com/frontendom/apexcharts.js]
[github.com/frost0103q/apexcharts.js]
[github.com/frostyaxe/apexcharts.js]
[github.com/fstfwd/apexcharts.js]
[github.com/fuath/apexcharts.js]
[github.com/gabinga/apexcharts.js]
[github.com/gabrielmcoelho/apexcharts.js]
[github.com/Gaurav-Supal/apexcharts.js]
[github.com/geminiyellow/apexcharts.js]
[github.com/Genially/apexcharts.js]
[github.com/Gerald-Wheaton/apexcharts.js]
[github.com/gfortaine/apexcharts.js]
[github.com/GhalamborM/apexcharts.js]
[github.com/ghhv/apexcharts.js]
[github.com/GHLJH/apexcharts.js]
[github.com/git-push-aayush/apexcharts.js]
[github.com/github-rj/apexcharts.js]
[github.com/GitHubJiKe/apexcharts.js]
[github.com/gitincognito/apexcharts.js]
[github.com/gitmurali/apexcharts.js]
[github.com/gitshot/apexcharts.js]
[github.com/gitsudhir/apexcharts.js]
[github.com/GiuliCler/apexcharts.js]
[github.com/gkristin/apexcharts.js]
[github.com/GlabzW/apexcharts.js]
[github.com/gnuhub/apexcharts.js]
[github.com/GopherJ/apexcharts.js]
[github.com/Gorgy/apexcharts.js]
[github.com/gorkunov-m/apexcharts.js]
[github.com/Grafikart/apexcharts.js]
[github.com/LeoFi/apexcharts.js]
[github.com/vincejs77/apexcharts.js]
[github.com/greg0pearce/apexcharts.js]
[github.com/grzesiek1owline/apexcharts.js]
[github.com/gsisso/apexcharts.js]
[github.com/guardeivid/apexcharts.js]
[github.com/guerragiuseppe1507/apexcharts.js]
[github.com/gustavoferreirads/apexcharts.js]
[github.com/GwendalPeron/apexcharts.js]
[github.com/h3ll3r/apexcharts.js]
[github.com/Habtish-yimer/apexcharts.js]
[github.com/hamdani128/apexcharts.js]
[github.com/hanjingnuo/apexcharts.js]
[github.com/haroldiedema/apexcharts.js]
[github.com/HarshalShende/apexcharts.js]
[github.com/hazdik/apexcharts.js]
[github.com/Hazeha/apexcharts.js]
[github.com/hehe24h/apexcharts.js]
[github.com/henryheyhey92/apexcharts.js]
[github.com/HesamZamanpour/apexcharts.js]
[github.com/hhy5277/apexcharts.js]
[github.com/hn4002/apexcharts.js]
[github.com/hoanglam10499/apexcharts.js]
[github.com/honsa/apexcharts.js]
[github.com/hovhannisyan-code/apexcharts.js]
[github.com/hrmshandy/apexcharts.js]
[github.com/hrynko/apexcharts.js]
[github.com/httt-dev/apexcharts.js]
[github.com/hugohomesquita/apexcharts.js]
[github.com/hwpp/apexcharts.js]
[github.com/i-home/apexcharts.js]
[github.com/I-RaFaEl-I/apexcharts.js]
[github.com/i2egular/apexcharts.js]
[github.com/iameddz/apexcharts.js]
[github.com/Iamnonso/apexcharts.js]
[github.com/iandreyev/apexcharts.js]
[github.com/iblislin/apexcharts.js]
[github.com/idpaterson/apexcharts.js]
[github.com/ikeoha/apexcharts.js]
[github.com/idanamit/apexcharts.js]
[github.com/ikizmet/apexcharts.js]
[github.com/Ilgrim/apexcharts.js]
[github.com/IlhomjonKurbanov/apexcharts.js]
[github.com/illandril/apexcharts.js]
[github.com/iloleg/apexcharts.js]
[github.com/ilyes-kechidi/apexcharts.js]
[github.com/imavlr/apexcharts.js]
[github.com/imrantune/apexcharts.js]
[github.com/informaticacba/apexcharts.js]
[github.com/Insights360/apexcharts.js]
[github.com/inzanez/apexcharts.js]
[github.com/irfanwp/apexcharts.js]
[github.com/irvinhoh/apexcharts.js]
[github.com/isy/apexcharts.js]
[github.com/it-xtech-dev/apexcharts.js]
[github.com/ItsMeDan11/apexcharts.js]
[github.com/ittestmail/apexcharts.js]
[github.com/j2ghz/apexcharts.js]
[github.com/jabastien/apexcharts.js]
[github.com/jackieleng/apexcharts.js]
[github.com/jackusa/apexcharts.js]
[github.com/JacobJohansen/apexcharts.js]
[github.com/JaimeSerrano15/apexcharts.js]
[github.com/jaksim/apexcharts.js]
[github.com/jalberoni/apexcharts.js]
[github.com/JamalANasier/apexcharts.js]
[github.com/JamieMcDonnell/apexcharts.js]
[github.com/janhendrik-rust/apexcharts.js]
[github.com/Jarec/apexcharts.js]
[github.com/jbarrientos/apexcharts.js]
[github.com/JBJannes/apexcharts.js]
[github.com/jbval/apexcharts.js]
[github.com/jchamb/apexcharts.js]
[github.com/jchang19/apexcharts.js]
[github.com/JCQuintas/apexcharts.js]
[github.com/jdfarber/apexcharts.js]
[github.com/JensLantz/apexcharts.js]
[github.com/Jesus89/apexcharts.js]
[github.com/jeticos/apexcharts.js]
[github.com/JGrimbert/apexcharts.js]
[github.com/jgustavoas/apexcharts.js]
[github.com/jibees/apexcharts.js]
[github.com/jirimatousek/apexcharts.js]
[github.com/jithinlal/apexcharts.js]
[github.com/jitinl/apexcharts.js]
[github.com/jiyulongxu/apexcharts.js]
[github.com/jjfattz/apexcharts.js]
[github.com/jjy05/apexcharts.js]
[github.com/JLaws0n/apexcharts.js]
[github.com/jnncks/apexcharts.js]
[github.com/jnelson16/apexcharts.js]
[github.com/jonbaiernx/apexcharts.js]
[github.com/joncv/apexcharts.js]
[github.com/jpmaga/apexcharts.js]
[github.com/jpotth/apexcharts.js]
[github.com/jppassalacqua/apexcharts.js]
[github.com/jpung/apexcharts.js]
[github.com/jrcribb/apexcharts.js]
[github.com/Jrg199287/apexcharts.js]
[github.com/js-mk/apexcharts.js]
[github.com/JS-Knights/apexcharts.js]
[github.com/juanv1997/apexcharts.js]
[github.com/juliuscool/apexcharts.js]
[github.com/Junich10/apexcharts.js]
[github.com/justinelileikis/apexcharts.js]
[github.com/jzonta/apexcharts.js]
[github.com/Kabi4/apexcharts.js]
[github.com/kaisbitar/apexcharts.js]
[github.com/kamarado/apexcharts.js]
[github.com/kamaldlk/apexcharts.js]
[github.com/Kareem-Atef/apexcharts.js]
[github.com/karna48/apexcharts.js]
[github.com/kbsbroad/apexcharts.js]
[github.com/kdjordan/apexcharts.js]
[github.com/KeddyDigital/apexcharts.js]
[github.com/kelseyleftwich/apexcharts.js]
[github.com/kelvinks/apexcharts.js]
[github.com/kevinehosford/apexcharts.js]
[github.com/keyur4200/apexcharts.js]
[github.com/kgmol/apexcharts.js]
[github.com/kgram007/apexcharts.js]
[github.com/kittinunn/apexcharts.js]
[github.com/KKamaa/apexcharts.js]
[github.com/kkdevenda/apexcharts.js]
[github.com/koku-ulrich/apexcharts.js]
[github.com/koljada/apexcharts.js]
[github.com/kkirsche/apexcharts.js]
[github.com/koltenminix/apexcharts.js]
[github.com/komasoftware/apexcharts.js]
[github.com/konung/apexcharts.js]
[github.com/kopdicht/apexcharts.js]
[github.com/KostaMalsev/apexcharts.js]
[github.com/kponda/apexcharts.js]
[github.com/krausjiao/apexcharts.js]
[github.com/kremio/apexcharts.js]
[github.com/Krishna4/apexcharts.js]
[github.com/ktanaka101/apexcharts.js]
[github.com/KTiago/apexcharts.js]
[github.com/kufdaw/apexcharts.js]
[github.com/kwolfy/apexcharts.js]
[github.com/KYDronePilot/apexcharts.js]
[github.com/KylePinkerton/apexcharts.js]
[github.com/kysoft-github/apexcharts.js]
[github.com/LakshmanSamanth/apexcharts.js]
[github.com/larorg/apexcharts.js]
[github.com/LazurasLong/apexcharts.js]
[github.com/leaderyangzi/apexcharts.js]
[github.com/leamagic/apexcharts.js]
[github.com/leegkon/apexcharts.js]
[github.com/leesohaeng/apexcharts.js]
[github.com/legenki/apexcharts.js]
[github.com/leithhobson/apexcharts.js]
[github.com/leonerii/apexcharts.js]
[github.com/libertyarow/apexcharts.js]
[github.com/LifeSource/apexcharts.js]
[github.com/lil1337/apexcharts.js]
[github.com/lineCode/apexcharts.js]
[github.com/linus5/apexcharts.js]
[github.com/Linkaynn/apexcharts.js]
[github.com/litswu/apexcharts.js]
[github.com/liu-miao-miao/apexcharts.js]
[github.com/liulonghai/apexcharts.js]
[github.com/liufeng8013/apexcharts.js]
[github.com/lkjx77/apexcharts.js]
[github.com/llaraujo/apexcharts.js]
[github.com/llmora/apexcharts.js]
[github.com/lmm713281/apexcharts.js]
[github.com/logemann/apexcharts.js]
[github.com/logosstorm/apexcharts.js]
[github.com/LoongerNANO/apexcharts.js]
[github.com/lorevallejosserrano/apexcharts.js]
[github.com/lovewitty/apexcharts.js]
[github.com/lucasnmilagres/apexcharts.js]
[github.com/luchengmei/apexcharts.js]
[github.com/Luka-Mo/apexcharts.js]
[github.com/lukasz-ciskowski/apexcharts.js]
[github.com/blazgvajc/apexcharts.js]
[github.com/Lynnhan95/apexcharts.js]
[github.com/m3di/apexcharts.js]
[github.com/maciej-ka/apexcharts.js]
[github.com/maciej-trebacz/apexcharts.js]
[github.com/madlitz/apexcharts.js]
[github.com/MadManLabs/apexcharts.js]
[github.com/madza91/apexcharts.js]
[github.com/MaiGuybrush/apexcharts.js]
[github.com/maitegm/apexcharts.js]
[github.com/mamasselin/apexcharts.js]
[github.com/man2201/apexcharts.js]
[github.com/manoj1991/apexcharts.js]
[github.com/mapado/apexcharts.js]
[github.com/Marcel-a/apexcharts.js]
[github.com/marcelo-gondim/apexcharts.js]
[github.com/marcelomata/apexcharts.js]
[github.com/MarchTala/apexcharts.js]
[github.com/marcosgomesneto/apexcharts.js]
[github.com/mark-langer/apexcharts.js]
[github.com/markahon/apexcharts.js]
[github.com/marmanillo/apexcharts.js]
[github.com/martijnfeld/apexcharts.js]
[github.com/MartineJacobsen/apexcharts.js]
[github.com/MartinKravec/apexcharts.js]
[github.com/masterservice/apexcharts.js]
[github.com/martinpaljak/apexcharts.js]
[github.com/MatheusFrez/apexcharts.js]
[github.com/mathrobot/apexcharts.js]
[github.com/matiaslopezd/apexcharts.js]
[github.com/MatthiasReinholz/apexcharts.js]
[github.com/mattkhaw/apexcharts.js]
[github.com/mauricioac/apexcharts.js]
[github.com/maxkochetov/apexcharts.js]
[github.com/MaxSaravia/apexcharts.js]
[github.com/mbrukman/apexcharts.js]
[github.com/meersel/apexcharts.js]
[github.com/melih/apexcharts.js]
[github.com/mervetandet/apexcharts.js]
[github.com/messan1/apexcharts.js]
[github.com/metheany/apexcharts.js]
[github.com/MFrank2016/apexcharts.js]
[github.com/MHewison/apexcharts.js]
[github.com/michaelisprihanto/apexcharts.js]
[github.com/michaelvelayo/apexcharts.js]
[github.com/microlv/apexcharts.js]
[github.com/miguelhau/apexcharts.js]
[github.com/miguepiscy/apexcharts.js]
[github.com/Mihailoff/apexcharts.js]
[github.com/MiholapMaksim/apexcharts.js]
[github.com/MikeAlbertFleetSolutions/apexcharts.js]
[github.com/mikola7092/apexcharts.js]
[github.com/minhbnMiichisoft/apexcharts.js]
[github.com/Mishak-1/apexcharts.js]
[github.com/mjunaiddurrani/apexcharts.js]
[github.com/mjunaidi/apexcharts.js]
[github.com/mkipcak/apexcharts.js]
[github.com/mlisovich/apexcharts.js]
[github.com/mlukmanfariq/apexcharts.js]
[github.com/mmalouane/apexcharts.js]
[github.com/mnuralfiansyah/apexcharts.js]
[github.com/modimir/apexcharts.js]
[github.com/mohabdulghany/apexcharts.js]
[github.com/mohalabAldai/apexcharts.js]
[github.com/mohits/apexcharts.js]
[github.com/moisesads/apexcharts.js]
[github.com/mokeev1995/apexcharts.js]
[github.com/monad-one/apexcharts.js]
[github.com/mongaukreport/apexcharts.js]
[github.com/moromis/apexcharts.js]
[github.com/morrisjdev/apexcharts.js]
[github.com/mouxdev/apexcharts.js]
[github.com/moto998/apexcharts.js]
[github.com/mpavlushchenko/apexcharts.js]
[github.com/mperrien/apexcharts.js]
[github.com/mrbbot/apexcharts.js]
[github.com/MrMosiJ/apexcharts.js]
[github.com/mrstikal/apexcharts.js]
[github.com/mrunknown0001/apexcharts.js]
[github.com/msantelices/apexcharts.js]
[github.com/mspoorendonk/apexcharts.js]
[github.com/mtsf/apexcharts.js]
[github.com/Mu-L/apexcharts.js]
[github.com/mulholland0318/apexcharts.js]
[github.com/Murena7/apexcharts.js]
[github.com/murugancmi/apexcharts.js]
[github.com/mussacharles60/apexcharts.js]
[github.com/mwahlhuetter/apexcharts.js]
[github.com/MyLocalCode/apexcharts.js]
[github.com/nadvornik/apexcharts.js]
[github.com/namtruong95/apexcharts.js]
[github.com/nan0pr0be1/apexcharts.js]
[github.com/nanuruya/apexcharts.js]
[github.com/naufalblitz/apexcharts.js]
[github.com/nckgriva/apexcharts.js]
[github.com/ncylove/apexcharts.js]
[github.com/ndsamuelson/apexcharts.js]
[github.com/necro42/apexcharts.js]
[github.com/nekitk/apexcharts.js]
[github.com/negue/apexcharts.js]
[github.com/nettoolkit/apexcharts.js]
[github.com/neurosatan/apexcharts.js]
[github.com/newmedia2/apexcharts.js]
[github.com/ngoijr3107/apexcharts.js]
[github.com/nguyenduy2392/apexcharts.js]
[github.com/NHeiba/apexcharts.js]
[github.com/nhuchon/apexcharts.js]
[github.com/ninjamonz/apexcharts.js]
[github.com/niraj4u2/apexcharts.js]
[github.com/nishp1/apexcharts.js]
[github.com/nitin78654/apexcharts.js]
[github.com/Niteesh-Kulhari/apexcharts.js]
[github.com/nkofl/apexcharts.js]
[github.com/nkohari/apexcharts.js]
[github.com/nnhansg/apexcharts.js]
[github.com/noneex/apexcharts.js]
[github.com/noordd/apexcharts.js]
[github.com/nopaixx/apexcharts.js]
[github.com/NovDahan/apexcharts.js]
[github.com/npkumar/apexcharts.js]
[github.com/nscepanovic/apexcharts.js]
[github.com/Nuhasami/apexcharts.js]
[github.com/nullnotfound/apexcharts.js]
[github.com/nunodotferreira/apexcharts.js]
[github.com/Nurdin027/apexcharts.js]
[github.com/oakfields/apexcharts.js]
[github.com/odinvolk/apexcharts.js]
[github.com/obipawan/apexcharts.js]
[github.com/olatunjee/apexcharts.js]
[github.com/OlecramPaz/apexcharts.js]
[github.com/oleg3190/apexcharts.js]
[github.com/olexoi/apexcharts.js]
[github.com/OllieEdge/apexcharts.js]
[github.com/oneuptim/apexcharts.js]
[github.com/onmotion/apexcharts.js]
[github.com/ordago/apexcharts.js]
[github.com/OsamaFayed/apexcharts.js]
[github.com/oscaroceguera/apexcharts.js]
[github.com/oxyo/apexcharts.js]
[github.com/osmaelo/apexcharts.js]
[github.com/ozanerturk/apexcharts.js]
[github.com/P1an8/apexcharts.js]
[github.com/palatok/apexcharts.js]
[github.com/pablo3443/apexcharts.js]
[github.com/palvsv/apexcharts.js]
[github.com/pangfd/apexcharts.js]
[github.com/pantchayan/apexcharts.js]
[github.com/papajia/apexcharts.js]
[github.com/parshvas25/apexcharts.js]
[github.com/parthdevloper/apexcharts.js]
[github.com/Pathlight/apexcharts.js]
[github.com/patrick-salvatore/apexcharts.js]
[github.com/patompong12502/apexcharts.js]
[github.com/PaulaFechet/apexcharts.js]
[github.com/paulocbranco/apexcharts.js]
[github.com/PchasSoftware/apexcharts.js]
[github.com/paulshatalov/apexcharts.js]
[github.com/PerfPRO/apexcharts.js]
[github.com/petrios888/apexcharts.js]
[github.com/petrix/apexcharts.js]
[github.com/pg-t/apexcharts.js]
[github.com/pierre-alain-b/apexcharts.js]
[github.com/pking74/apexcharts.js]
[github.com/pks-os/apexcharts.js]
[github.com/pnorbi-bp-grape/apexcharts.js]
